amount,timestamp,user
50.0,2015-05-14 21:08:16,1.0
50.0,2016-03-12 19:26:42,1.0
25.0,2015-07-17 12:14:36,1.0
25.0,2017-12-12 14:33:30,1.0
25.0,2016-10-28 21:28:07,1.0
50.0,2017-11-07 19:04:29,1.0
25.0,2015-09-22 15:04:54,1.0
50.0,2015-02-20 12:38:51,1.0
25.0,2016-09-27 21:02:05,1.0
25.0,2017-09-19 19:41:49,1.0
25.0,2017-09-23 17:13:25,1.0
25.0,2015-04-10 12:34:59,1.0
25.0,2017-08-05 15:40:48,1.0
25.0,2017-12-04 18:10:37,1.0
50.0,2017-11-25 15:07:28,1.0
25.0,2018-05-23 17:22:18,2.0
25.0,2018-06-01 22:22:57,2.0
25.0,2018-02-04 11:57:15,2.0
50.0,2018-03-25 20:22:05,4.0
50.0,2018-04-17 18:43:20,4.0
25.0,2015-11-27 18:21:47,6.0
25.0,2016-04-19 14:09:52,6.0
50.0,2016-03-20 19:13:14,6.0
50.0,2016-08-04 14:52:40,6.0
50.0,2017-09-01 21:07:57,6.0
25.0,2015-10-27 13:05:32,6.0
50.0,2017-04-16 11:02:55,9.0
25.0,2017-05-19 15:06:28,9.0
50.0,2018-04-19 22:17:55,9.0
50.0,2017-04-26 15:41:39,12.0
50.0,2018-03-01 12:15:48,12.0
25.0,2017-10-16 13:00:00,13.0
25.0,2017-09-27 11:58:33,13.0
50.0,2018-02-15 16:37:31,16.0
25.0,2018-03-26 12:48:24,16.0
25.0,2018-01-17 11:58:42,16.0
25.0,2017-11-19 17:49:05,16.0
50.0,2017-12-20 14:19:08,16.0
50.0,2018-01-24 15:05:36,16.0
25.0,2018-02-06 17:00:28,16.0
50.0,2018-04-16 13:55:11,16.0
50.0,2017-12-22 22:37:11,16.0
50.0,2018-03-03 18:48:51,22.0
50.0,2017-05-26 11:17:55,22.0
25.0,2017-12-04 15:01:35,22.0
25.0,2016-10-25 12:24:44,22.0
25.0,2016-10-06 18:02:51,22.0
25.0,2016-12-06 17:51:21,22.0
25.0,2018-02-10 21:04:12,23.0
25.0,2017-11-11 18:27:09,23.0
100.0,2017-09-29 20:43:52,26.0
50.0,2018-05-03 13:10:52,27.0
75.0,2018-01-27 11:10:20,27.0
25.0,2017-06-29 17:52:23,30.0
50.0,2017-06-12 17:24:07,30.0
25.0,2017-07-08 21:23:14,30.0
25.0,2017-07-07 22:24:36,30.0
25.0,2018-03-01 13:23:58,30.0
50.0,2017-09-12 12:10:36,30.0
50.0,2018-02-14 15:14:26,32.0
50.0,2016-06-09 19:58:46,32.0
50.0,2015-06-25 16:12:57,32.0
50.0,2018-03-18 18:44:07,32.0
1500.0,2016-02-17 18:50:40,33.0
1500.0,2018-02-27 11:19:59,33.0
50.0,2017-06-22 14:03:28,34.0
50.0,2015-12-11 20:09:10,35.0
50.0,2017-12-12 14:13:12,35.0
75.0,2016-11-15 19:38:30,35.0
50.0,2016-01-03 18:03:50,35.0
50.0,2018-04-11 12:01:48,35.0
75.0,2016-09-06 16:02:03,35.0
50.0,2016-02-08 17:35:34,35.0
75.0,2016-01-23 20:17:41,35.0
50.0,2016-02-10 20:54:20,35.0
25.0,2017-06-12 15:12:04,41.0
100.0,2017-10-17 13:18:21,43.0
100.0,2018-04-06 21:06:15,43.0
25.0,2017-03-26 14:14:59,44.0
25.0,2017-02-01 22:47:28,44.0
25.0,2016-06-30 15:04:50,44.0
25.0,2017-03-31 13:20:49,44.0
25.0,2018-02-04 17:49:55,44.0
50.0,2017-06-24 18:31:08,44.0
50.0,2018-01-25 16:46:43,44.0
50.0,2015-09-19 12:54:51,44.0
25.0,2018-03-15 15:52:04,47.0
500.0,2017-02-12 18:32:02,54.0
500.0,2015-03-08 11:20:03,54.0
500.0,2015-11-16 15:47:10,54.0
500.0,2017-07-23 15:15:42,54.0
500.0,2017-09-20 19:05:20,54.0
500.0,2015-04-17 18:25:17,54.0
1000.0,2017-12-13 22:23:54,54.0
500.0,2017-01-24 11:49:02,54.0
500.0,2015-02-20 13:55:31,54.0
1000.0,2015-09-28 20:13:44,54.0
500.0,2017-03-01 20:50:26,54.0
500.0,2015-06-16 21:53:44,54.0
1000.0,2018-05-26 11:08:18,54.0
1000.0,2016-08-24 12:49:39,54.0
1000.0,2015-09-11 18:49:12,54.0
500.0,2016-03-25 17:48:37,54.0
1000.0,2016-02-26 16:27:46,54.0
500.0,2017-08-10 11:06:08,54.0
500.0,2015-07-13 21:26:25,54.0
500.0,2017-03-04 22:39:16,54.0
250.0,2016-05-01 14:40:39,58.0
100.0,2015-11-07 21:00:47,58.0
100.0,2017-02-01 15:45:41,58.0
250.0,2018-05-14 15:58:10,58.0
100.0,2016-10-23 21:24:27,58.0
100.0,2018-02-26 18:33:09,58.0
100.0,2017-02-27 11:03:26,58.0
250.0,2016-05-18 12:39:07,58.0
100.0,2017-03-05 16:53:05,58.0
25.0,2017-05-15 16:27:24,59.0
50.0,2017-05-27 15:08:13,59.0
50.0,2018-01-06 18:19:29,59.0
25.0,2017-01-14 20:10:10,59.0
50.0,2018-04-04 22:57:58,62.0
50.0,2018-03-06 20:06:32,63.0
25.0,2018-01-10 18:53:30,63.0
50.0,2017-12-11 19:54:50,63.0
25.0,2018-03-29 16:47:47,65.0
25.0,2017-04-11 20:14:18,65.0
50.0,2018-02-19 12:49:34,67.0
50.0,2017-10-06 14:17:28,68.0
25.0,2015-09-29 19:26:54,68.0
50.0,2017-02-26 16:24:54,68.0
25.0,2016-04-29 16:46:58,68.0
25.0,2016-05-26 18:40:30,68.0
50.0,2018-01-09 15:13:52,68.0
25.0,2018-02-17 19:28:02,68.0
25.0,2018-01-08 13:13:18,68.0
25.0,2017-01-28 16:02:09,68.0
50.0,2018-03-28 21:20:19,68.0
25.0,2016-10-25 18:44:26,68.0
25.0,2016-03-02 12:50:42,68.0
500.0,2018-05-12 15:57:29,70.0
1000.0,2017-09-06 20:07:38,70.0
500.0,2017-12-28 19:08:39,70.0
500.0,2016-10-29 12:12:50,70.0
25.0,2015-05-09 20:29:17,71.0
25.0,2017-08-18 12:01:15,71.0
25.0,2017-11-18 21:14:05,71.0
50.0,2016-01-29 19:17:31,71.0
50.0,2017-06-10 18:45:36,71.0
25.0,2015-11-08 12:17:29,71.0
50.0,2017-02-17 11:23:07,71.0
25.0,2015-11-24 20:27:02,71.0
2000.0,2015-12-07 21:53:57,72.0
1500.0,2017-06-11 13:23:00,72.0
1500.0,2016-12-31 16:03:34,72.0
1500.0,2018-02-15 17:44:21,72.0
1500.0,2017-08-25 19:01:22,72.0
1500.0,2017-06-23 15:34:05,72.0
25.0,2017-10-17 11:16:53,75.0
50.0,2018-03-12 13:45:44,75.0
25.0,2017-09-24 19:47:52,75.0
25.0,2017-04-19 18:16:36,75.0
25.0,2017-03-19 19:35:36,75.0
25.0,2016-07-31 15:58:15,79.0
25.0,2017-05-24 12:04:13,79.0
25.0,2016-10-08 15:08:09,79.0
25.0,2016-10-29 17:06:20,79.0
25.0,2018-03-12 13:56:03,79.0
25.0,2017-04-22 22:43:44,79.0
50.0,2016-12-21 19:35:57,79.0
25.0,2018-05-02 19:01:23,79.0
50.0,2018-05-02 21:26:54,83.0
75.0,2015-11-20 20:55:14,85.0
75.0,2017-04-01 22:16:49,85.0
50.0,2016-10-10 15:47:15,85.0
75.0,2015-10-02 20:47:11,85.0
50.0,2016-06-03 16:17:32,85.0
75.0,2016-02-16 18:49:22,85.0
50.0,2016-03-28 16:14:42,85.0
50.0,2016-01-11 14:02:11,85.0
75.0,2018-05-28 19:45:26,85.0
25.0,2016-08-06 18:07:58,88.0
25.0,2016-06-16 20:03:27,88.0
25.0,2016-07-21 19:28:40,88.0
25.0,2017-07-27 14:00:44,88.0
25.0,2018-05-03 16:43:15,88.0
25.0,2015-11-15 21:07:31,88.0
25.0,2017-12-05 21:47:53,90.0
50.0,2017-06-14 22:25:08,90.0
25.0,2018-05-31 13:12:43,90.0
25.0,2017-02-14 19:55:05,90.0
25.0,2017-10-03 22:54:57,91.0
50.0,2017-08-21 17:06:27,91.0
50.0,2017-08-30 14:15:24,93.0
50.0,2017-04-15 15:19:47,93.0
25.0,2018-01-19 21:16:25,94.0
50.0,2018-01-09 19:59:50,94.0
50.0,2016-09-25 18:10:03,95.0
25.0,2015-04-09 21:12:15,95.0
25.0,2015-11-29 18:10:42,95.0
25.0,2015-03-29 16:23:32,95.0
50.0,2016-04-07 17:09:29,97.0
50.0,2016-07-02 17:14:05,97.0
1500.0,2017-04-26 13:52:29,98.0
1500.0,2016-06-03 16:10:05,98.0
1500.0,2015-02-12 15:14:47,98.0
1500.0,2017-06-03 20:04:35,98.0
1500.0,2017-03-20 20:06:43,98.0
1500.0,2016-06-09 12:57:46,98.0
1500.0,2015-04-24 13:20:21,98.0
1500.0,2015-08-13 16:20:19,98.0
1500.0,2015-12-16 16:36:26,98.0
1500.0,2016-09-02 13:11:32,98.0
1500.0,2015-12-04 21:15:26,98.0
1500.0,2015-03-28 12:47:19,98.0
50.0,2017-10-13 11:41:57,100.0
50.0,2015-12-09 22:32:56,100.0
50.0,2017-04-29 12:13:18,100.0
50.0,2016-05-11 17:05:53,100.0
75.0,2018-03-01 16:17:46,102.0
75.0,2016-12-23 13:08:08,102.0
100.0,2017-06-17 22:16:42,102.0
75.0,2017-08-28 19:11:49,102.0
500.0,2017-05-08 20:06:11,104.0
500.0,2017-10-01 15:17:17,104.0
500.0,2018-04-01 21:24:44,105.0
1000.0,2017-04-23 17:23:49,105.0
1000.0,2017-03-30 15:12:52,105.0
500.0,2018-05-08 19:55:20,105.0
250.0,2018-04-01 12:07:14,107.0
50.0,2017-08-10 14:32:20,108.0
50.0,2018-01-19 19:28:40,108.0
1000.0,2016-05-30 13:44:46,109.0
500.0,2016-10-11 22:04:52,109.0
500.0,2017-03-05 16:47:06,109.0
500.0,2017-04-29 13:43:25,109.0
500.0,2017-03-30 17:58:25,109.0
500.0,2017-04-04 22:07:55,109.0
1000.0,2017-11-27 11:52:40,110.0
1000.0,2015-04-05 21:04:00,110.0
1000.0,2018-05-26 16:09:38,110.0
50.0,2018-05-18 20:50:22,111.0
50.0,2017-07-18 12:02:28,111.0
50.0,2018-03-06 20:11:30,112.0
50.0,2017-12-13 21:45:54,113.0
50.0,2018-02-13 15:38:36,113.0
50.0,2017-05-30 19:00:55,114.0
25.0,2017-07-26 15:51:40,114.0
50.0,2018-03-09 14:37:56,114.0
50.0,2017-11-25 21:20:50,114.0
50.0,2018-05-03 13:41:03,114.0
50.0,2016-04-20 22:26:04,114.0
25.0,2016-09-25 19:06:47,114.0
50.0,2018-02-10 22:40:56,114.0
25.0,2018-05-19 18:16:21,115.0
50.0,2017-12-28 14:11:45,115.0
25.0,2018-04-08 17:41:02,115.0
500.0,2017-06-08 13:29:07,121.0
1000.0,2017-05-27 15:52:54,121.0
50.0,2018-02-18 21:38:43,122.0
25.0,2017-12-05 18:42:48,122.0
25.0,2018-05-07 11:18:59,122.0
25.0,2018-01-21 20:46:12,124.0
50.0,2018-06-01 14:12:10,124.0
25.0,2015-09-11 13:25:37,126.0
50.0,2017-10-25 15:37:56,126.0
25.0,2018-05-30 20:18:40,126.0
25.0,2017-04-02 22:28:46,126.0
25.0,2016-08-19 18:54:53,126.0
25.0,2016-12-01 18:08:20,126.0
50.0,2016-08-31 15:31:45,126.0
25.0,2017-12-17 14:38:15,126.0
50.0,2017-04-20 21:08:03,126.0
25.0,2016-01-14 16:41:30,126.0
50.0,2017-06-18 14:09:33,126.0
50.0,2017-11-03 14:06:16,126.0
50.0,2017-12-13 17:35:21,126.0
25.0,2017-10-05 12:48:50,126.0
50.0,2017-05-22 20:49:53,126.0
25.0,2017-10-24 15:33:41,126.0
25.0,2017-10-26 18:54:51,126.0
50.0,2017-03-27 11:33:11,126.0
50.0,2016-09-10 12:18:54,127.0
50.0,2016-01-10 16:03:48,127.0
25.0,2018-03-31 11:29:50,127.0
50.0,2017-12-07 11:06:26,129.0
25.0,2018-04-04 20:01:58,129.0
50.0,2018-04-16 19:24:47,129.0
100.0,2018-01-12 17:49:49,130.0
100.0,2018-05-30 13:47:58,130.0
25.0,2017-03-31 20:42:56,132.0
25.0,2017-07-09 16:27:46,132.0
50.0,2017-05-10 14:04:24,132.0
50.0,2017-02-19 13:45:44,132.0
2000.0,2017-10-30 13:02:36,133.0
1500.0,2017-07-15 21:20:00,133.0
1500.0,2017-08-28 17:47:27,133.0
75.0,2017-07-02 13:12:30,135.0
75.0,2016-12-09 17:44:14,135.0
75.0,2017-12-04 13:02:26,135.0
75.0,2015-11-02 12:06:10,135.0
75.0,2015-06-10 15:44:27,135.0
75.0,2015-06-18 11:46:21,135.0
75.0,2016-06-02 15:24:13,135.0
75.0,2017-01-03 14:05:40,135.0
75.0,2017-07-28 19:07:28,135.0
75.0,2018-05-10 13:44:44,135.0
75.0,2017-05-18 13:37:10,135.0
75.0,2015-07-01 14:41:37,135.0
25.0,2017-07-03 13:36:41,136.0
50.0,2017-08-22 21:37:49,136.0
25.0,2016-05-13 18:58:51,136.0
25.0,2018-05-20 22:54:06,136.0
50.0,2017-05-07 21:02:14,137.0
50.0,2016-08-12 12:02:29,137.0
25.0,2016-04-22 19:22:16,137.0
25.0,2016-12-13 12:26:35,137.0
25.0,2018-04-20 19:57:52,137.0
25.0,2018-02-08 12:02:32,137.0
25.0,2018-03-08 19:07:43,137.0
50.0,2017-09-29 19:53:13,137.0
25.0,2015-09-26 18:14:06,137.0
50.0,2018-05-30 20:08:17,139.0
25.0,2018-04-26 22:51:25,139.0
25.0,2017-11-17 14:07:28,139.0
50.0,2016-05-20 13:24:18,140.0
25.0,2015-03-31 19:52:51,140.0
25.0,2017-07-26 18:01:31,140.0
25.0,2018-04-08 18:26:21,140.0
50.0,2017-04-13 20:55:32,140.0
25.0,2017-07-17 22:07:04,140.0
25.0,2017-04-06 16:45:46,140.0
25.0,2015-12-31 18:42:11,140.0
100.0,2017-08-27 19:40:24,141.0
250.0,2017-12-01 18:01:50,141.0
25.0,2017-05-30 19:22:29,142.0
25.0,2017-06-07 11:09:05,142.0
25.0,2018-04-07 11:47:27,143.0
25.0,2017-11-19 18:09:22,143.0
50.0,2016-11-12 11:27:09,143.0
25.0,2017-12-17 16:08:26,143.0
25.0,2017-08-26 14:42:25,143.0
50.0,2016-06-07 13:13:32,143.0
50.0,2016-03-29 11:21:16,143.0
25.0,2015-07-28 20:04:09,143.0
25.0,2017-12-23 22:08:13,146.0
500.0,2018-03-13 18:42:16,147.0
1000.0,2017-12-30 15:39:33,147.0
1000.0,2017-10-04 16:44:47,147.0
25.0,2017-02-05 14:52:58,149.0
25.0,2017-02-01 19:48:57,149.0
50.0,2017-07-23 18:07:43,149.0
50.0,2017-04-06 12:40:16,150.0
50.0,2017-05-01 15:06:24,150.0
50.0,2018-03-01 15:46:34,150.0
50.0,2016-02-13 16:58:24,150.0
50.0,2017-02-03 11:13:08,150.0
50.0,2016-03-23 15:44:54,150.0
75.0,2017-08-20 13:35:41,150.0
50.0,2017-11-12 16:09:17,150.0
50.0,2016-05-07 20:20:40,150.0
50.0,2017-05-09 19:05:38,150.0
50.0,2017-01-29 22:06:00,150.0
50.0,2017-05-29 19:32:26,150.0
25.0,2017-07-04 17:04:25,154.0
25.0,2017-06-07 22:28:34,154.0
50.0,2018-04-13 13:09:19,154.0
25.0,2017-09-16 15:33:54,154.0
25.0,2016-03-15 14:24:13,155.0
25.0,2018-05-15 19:32:52,155.0
25.0,2016-03-02 22:09:53,158.0
25.0,2016-04-05 18:23:10,158.0
25.0,2017-02-28 13:49:31,158.0
25.0,2017-08-07 21:56:23,158.0
25.0,2017-11-11 17:38:15,158.0
50.0,2018-01-19 16:55:59,158.0
25.0,2017-05-07 14:30:34,158.0
25.0,2015-12-23 11:21:15,158.0
25.0,2015-12-23 15:48:34,158.0
25.0,2017-07-26 16:14:14,158.0
50.0,2016-01-03 13:36:28,158.0
25.0,2016-06-07 22:57:44,158.0
25.0,2018-02-15 20:16:16,159.0
50.0,2018-04-09 19:37:27,162.0
25.0,2018-04-09 18:46:29,162.0
50.0,2018-04-03 17:14:47,166.0
25.0,2017-11-11 12:24:07,166.0
25.0,2016-09-30 13:44:58,166.0
25.0,2016-03-08 14:43:09,166.0
25.0,2016-04-29 18:33:18,166.0
50.0,2018-01-27 17:21:23,166.0
50.0,2016-12-20 13:13:51,166.0
50.0,2015-07-09 11:35:00,166.0
25.0,2018-01-18 18:32:04,166.0
25.0,2016-10-02 13:14:14,166.0
50.0,2015-09-24 11:50:51,166.0
25.0,2015-04-09 14:20:33,166.0
25.0,2017-03-10 15:59:18,166.0
50.0,2016-06-09 22:32:00,166.0
25.0,2015-06-28 17:34:59,166.0
50.0,2016-05-22 21:47:20,166.0
25.0,2018-01-28 20:29:54,169.0
25.0,2018-02-28 17:35:59,169.0
25.0,2018-02-28 15:33:49,169.0
25.0,2018-04-12 20:46:53,169.0
25.0,2018-01-04 14:21:35,169.0
25.0,2017-11-17 21:06:34,170.0
25.0,2017-12-18 13:59:33,170.0
25.0,2017-12-03 17:27:27,170.0
25.0,2018-01-09 13:31:47,170.0
25.0,2018-01-07 15:06:39,170.0
25.0,2018-01-16 16:25:21,170.0
100.0,2018-03-05 15:53:21,171.0
1000.0,2018-01-15 11:54:26,173.0
500.0,2017-12-31 19:30:52,173.0
500.0,2017-09-30 15:59:24,173.0
500.0,2018-02-02 15:02:47,173.0
500.0,2017-09-20 21:51:03,173.0
25.0,2018-04-29 15:41:57,174.0
1500.0,2018-05-22 16:03:38,176.0
1000.0,2017-08-19 16:56:36,176.0
1000.0,2017-08-29 21:04:11,176.0
1000.0,2017-07-03 13:20:34,176.0
1000.0,2018-01-20 14:52:24,176.0
1000.0,2017-07-12 12:57:25,176.0
100.0,2018-04-19 18:13:12,177.0
100.0,2017-11-25 14:06:27,177.0
100.0,2017-07-21 22:25:14,177.0
100.0,2017-01-16 21:36:11,177.0
50.0,2017-12-10 14:18:00,178.0
50.0,2018-03-08 17:55:37,181.0
25.0,2016-07-28 21:57:05,181.0
25.0,2016-10-19 17:41:54,181.0
50.0,2016-11-30 14:34:03,181.0
50.0,2017-12-13 12:50:01,181.0
25.0,2016-05-18 11:27:06,181.0
500.0,2018-01-22 13:07:24,184.0
250.0,2015-11-13 16:09:55,184.0
250.0,2018-04-22 22:02:42,184.0
250.0,2016-05-06 17:47:05,184.0
500.0,2016-11-10 20:23:50,184.0
500.0,2016-12-14 15:35:31,184.0
250.0,2016-03-12 13:21:06,184.0
250.0,2015-09-20 18:48:21,184.0
250.0,2017-03-17 22:02:59,184.0
50.0,2017-11-12 15:47:10,187.0
25.0,2018-05-07 18:52:19,187.0
25.0,2017-05-28 19:23:38,191.0
50.0,2017-01-04 21:38:38,191.0
25.0,2017-04-30 22:33:43,191.0
50.0,2017-09-03 13:39:15,191.0
25.0,2017-09-29 15:41:32,193.0
25.0,2018-05-12 18:49:14,193.0
250.0,2017-11-18 18:29:57,196.0
1000.0,2018-05-05 11:01:34,197.0
500.0,2018-04-09 14:27:48,197.0
1000.0,2018-02-13 14:20:05,197.0
500.0,2018-03-21 17:55:05,197.0
25.0,2018-05-25 22:52:06,198.0
50.0,2018-02-22 20:15:47,198.0
25.0,2016-02-24 18:17:31,198.0
50.0,2017-12-16 12:46:19,198.0
25.0,2016-09-19 17:11:34,198.0
25.0,2016-03-02 17:22:11,198.0
50.0,2017-10-17 22:05:28,198.0
25.0,2017-06-25 16:15:12,198.0
25.0,2018-01-12 17:54:44,198.0
25.0,2017-10-19 20:08:37,199.0
25.0,2017-11-08 16:27:18,199.0
25.0,2017-03-29 19:17:37,199.0
25.0,2018-01-04 19:51:18,200.0
25.0,2018-02-18 11:22:57,200.0
25.0,2018-03-25 12:41:30,200.0
25.0,2018-03-13 22:15:17,201.0
25.0,2018-03-11 16:32:34,201.0
50.0,2015-11-27 15:22:18,201.0
25.0,2016-10-03 19:07:04,201.0
25.0,2017-01-31 22:04:50,201.0
25.0,2015-12-19 14:52:19,201.0
25.0,2017-12-02 17:16:29,203.0
25.0,2018-04-29 13:30:26,204.0
25.0,2017-11-07 16:42:11,204.0
25.0,2017-06-08 22:42:22,204.0
25.0,2018-05-03 21:52:32,204.0
25.0,2017-05-25 17:39:11,206.0
25.0,2017-05-03 16:33:07,206.0
25.0,2017-06-13 15:20:29,206.0
25.0,2016-08-10 14:24:47,207.0
50.0,2017-06-29 12:24:54,207.0
50.0,2017-02-04 22:07:56,207.0
25.0,2016-11-29 12:08:09,207.0
25.0,2017-11-16 12:26:23,207.0
50.0,2016-02-09 14:48:12,207.0
25.0,2015-02-16 13:52:17,207.0
50.0,2016-08-21 22:21:29,207.0
25.0,2016-02-02 21:35:16,211.0
25.0,2017-09-30 18:16:02,211.0
25.0,2015-10-13 21:44:29,211.0
50.0,2017-07-07 22:30:52,212.0
25.0,2017-08-03 13:02:28,212.0
25.0,2018-04-27 15:41:16,212.0
50.0,2018-02-01 12:44:57,212.0
50.0,2018-03-17 18:25:03,214.0
25.0,2016-07-06 18:43:47,214.0
25.0,2017-03-17 22:32:51,214.0
25.0,2017-07-15 14:42:07,214.0
25.0,2016-08-20 12:19:55,214.0
25.0,2017-11-21 11:52:55,214.0
50.0,2018-04-30 16:48:08,214.0
50.0,2017-03-06 11:59:35,214.0
25.0,2016-11-04 16:18:12,214.0
25.0,2018-03-09 17:24:22,214.0
25.0,2017-07-28 21:24:46,215.0
25.0,2016-11-25 12:42:09,216.0
25.0,2017-06-18 15:14:07,216.0
25.0,2015-12-30 17:45:26,216.0
25.0,2016-11-03 13:34:30,216.0
25.0,2017-09-15 16:36:17,216.0
25.0,2017-02-11 19:22:26,216.0
25.0,2017-10-02 12:24:11,219.0
25.0,2017-12-03 19:16:03,219.0
25.0,2017-12-07 21:23:56,219.0
25.0,2017-12-21 18:00:46,220.0
25.0,2017-11-05 19:42:45,220.0
50.0,2018-05-15 16:40:09,220.0
50.0,2017-12-09 22:06:05,220.0
50.0,2017-10-23 13:08:40,220.0
25.0,2017-12-26 15:06:01,220.0
25.0,2017-10-02 16:13:04,220.0
25.0,2018-02-18 15:39:43,221.0
50.0,2018-04-27 19:03:11,221.0
25.0,2016-07-23 19:23:01,224.0
50.0,2016-09-20 20:56:58,224.0
25.0,2016-11-01 20:13:25,224.0
25.0,2016-04-11 20:34:39,224.0
100.0,2017-04-08 15:32:08,225.0
100.0,2017-01-17 20:19:40,225.0
250.0,2017-03-15 14:29:27,225.0
100.0,2018-04-09 21:35:10,225.0
250.0,2017-10-08 21:44:43,225.0
100.0,2017-04-12 15:01:01,225.0
75.0,2018-01-11 15:34:30,226.0
75.0,2016-12-02 17:59:47,226.0
50.0,2016-02-21 19:34:36,226.0
75.0,2016-05-19 22:02:59,226.0
25.0,2017-12-12 13:24:51,227.0
50.0,2018-04-20 21:05:21,227.0
50.0,2017-07-10 18:36:59,227.0
25.0,2017-08-21 13:52:36,227.0
100.0,2017-11-21 18:07:12,229.0
100.0,2016-02-14 22:58:59,229.0
100.0,2015-07-22 17:54:28,229.0
100.0,2016-01-31 11:18:41,229.0
250.0,2016-07-25 14:19:53,229.0
250.0,2016-05-05 18:26:36,229.0
100.0,2015-06-17 21:58:19,229.0
100.0,2017-12-28 20:34:25,229.0
100.0,2017-08-15 19:29:58,229.0
50.0,2017-07-31 12:05:40,230.0
25.0,2015-09-26 22:46:58,230.0
50.0,2018-04-24 20:52:20,230.0
25.0,2017-09-27 21:18:35,230.0
50.0,2017-05-27 17:33:55,230.0
25.0,2015-05-03 20:04:51,230.0
50.0,2016-01-07 13:22:41,230.0
25.0,2015-11-27 15:19:21,230.0
25.0,2017-05-31 14:34:07,232.0
50.0,2017-08-15 18:58:15,232.0
25.0,2017-11-27 12:19:48,232.0
500.0,2018-01-13 19:04:29,234.0
75.0,2018-02-15 11:21:59,236.0
500.0,2018-03-29 19:33:11,240.0
1000.0,2017-04-08 14:24:48,240.0
50.0,2018-02-13 11:52:49,241.0
25.0,2017-12-26 16:00:59,241.0
25.0,2017-08-21 14:51:40,242.0
25.0,2017-11-28 16:02:02,242.0
50.0,2015-10-01 11:05:08,242.0
25.0,2017-04-12 13:39:59,242.0
25.0,2016-08-19 20:48:50,242.0
25.0,2017-06-26 18:48:47,242.0
100.0,2018-03-10 17:45:44,244.0
100.0,2017-10-27 20:53:36,244.0
25.0,2018-02-23 17:29:25,245.0
100.0,2018-04-28 22:04:29,246.0
250.0,2017-12-08 14:53:02,246.0
100.0,2017-11-02 16:42:07,246.0
25.0,2017-06-17 19:27:58,248.0
25.0,2017-01-16 17:22:57,248.0
50.0,2017-02-21 22:28:10,248.0
50.0,2018-03-02 11:01:30,248.0
25.0,2017-11-26 11:52:37,249.0
25.0,2017-06-10 22:27:20,249.0
50.0,2018-05-14 13:12:05,249.0
100.0,2017-10-01 16:28:49,251.0
100.0,2018-03-25 18:51:37,251.0
250.0,2017-11-15 15:44:49,251.0
100.0,2017-05-17 20:34:44,251.0
100.0,2017-03-28 20:48:31,251.0
100.0,2017-02-26 12:08:08,251.0
250.0,2017-11-04 19:16:27,251.0
250.0,2016-09-14 17:54:20,251.0
25.0,2015-04-01 11:29:23,252.0
25.0,2017-09-23 16:46:50,252.0
50.0,2015-04-30 14:24:21,252.0
50.0,2016-07-18 19:34:46,252.0
25.0,2018-03-06 15:59:05,252.0
25.0,2017-12-11 22:59:18,252.0
25.0,2017-11-18 16:58:20,252.0
25.0,2016-10-21 12:05:21,252.0
50.0,2017-01-19 14:09:22,252.0
25.0,2017-06-25 17:52:32,252.0
25.0,2015-07-03 16:25:23,252.0
50.0,2015-06-23 17:28:20,252.0
25.0,2017-06-30 19:54:49,252.0
25.0,2015-06-30 12:22:18,252.0
50.0,2016-06-12 18:23:33,252.0
1500.0,2018-01-06 12:00:37,254.0
100.0,2018-01-04 13:45:05,255.0
25.0,2017-05-29 17:26:55,256.0
25.0,2018-05-03 12:05:02,256.0
50.0,2018-04-14 16:50:20,256.0
25.0,2018-03-12 21:55:24,256.0
50.0,2018-01-25 14:40:46,256.0
25.0,2018-02-06 11:40:32,256.0
25.0,2017-01-25 21:33:24,256.0
25.0,2017-02-27 12:13:29,256.0
100.0,2018-02-25 20:36:01,257.0
100.0,2018-02-14 21:06:56,257.0
100.0,2016-12-20 13:37:47,257.0
100.0,2018-03-12 17:29:35,257.0
50.0,2018-04-20 13:22:04,258.0
50.0,2015-06-12 22:23:37,258.0
25.0,2018-05-18 15:02:49,258.0
50.0,2018-03-01 19:22:36,258.0
25.0,2016-09-21 11:25:13,258.0
50.0,2015-04-30 18:44:03,258.0
50.0,2017-08-29 22:19:45,258.0
50.0,2015-12-10 21:48:11,258.0
25.0,2017-03-30 17:18:32,258.0
50.0,2018-01-10 14:58:26,260.0
25.0,2017-07-25 16:55:18,260.0
25.0,2015-07-04 20:05:48,263.0
50.0,2016-09-24 12:14:41,263.0
50.0,2018-04-28 13:08:12,263.0
50.0,2016-11-11 22:52:50,263.0
500.0,2017-11-21 17:59:15,264.0
1000.0,2018-03-23 15:44:20,264.0
1000.0,2016-02-14 17:59:16,264.0
500.0,2017-04-04 14:12:18,264.0
50.0,2017-09-21 20:23:53,265.0
25.0,2015-02-27 16:13:08,267.0
25.0,2017-10-27 16:47:19,267.0
50.0,2017-12-07 22:58:59,267.0
25.0,2015-08-14 15:34:23,267.0
25.0,2016-06-17 21:36:59,267.0
25.0,2017-08-19 11:01:49,267.0
25.0,2016-10-04 18:41:44,267.0
25.0,2018-02-06 22:41:41,267.0
25.0,2017-06-28 17:44:43,267.0
25.0,2017-08-22 13:24:46,267.0
25.0,2016-05-22 11:27:35,267.0
25.0,2017-01-21 16:00:07,267.0
50.0,2015-11-18 13:26:32,267.0
50.0,2015-03-31 16:14:59,267.0
50.0,2017-01-11 22:05:51,267.0
25.0,2016-11-16 21:09:41,267.0
25.0,2017-08-09 20:25:10,267.0
25.0,2016-12-09 12:45:03,267.0
25.0,2016-09-29 11:53:01,267.0
25.0,2017-02-02 11:00:57,267.0
50.0,2017-03-20 20:27:55,271.0
25.0,2016-02-02 21:47:10,271.0
50.0,2016-04-27 18:06:20,271.0
25.0,2016-01-28 17:26:53,271.0
250.0,2018-02-02 17:03:09,273.0
250.0,2016-02-29 17:39:09,273.0
500.0,2015-07-28 15:01:34,273.0
50.0,2016-10-25 20:16:04,274.0
25.0,2016-09-04 14:00:35,274.0
50.0,2016-09-19 20:02:53,274.0
25.0,2017-12-21 12:34:02,274.0
50.0,2018-02-27 22:52:20,275.0
25.0,2018-05-20 16:13:01,275.0
25.0,2018-01-04 19:35:21,275.0
50.0,2018-02-06 16:58:27,275.0
50.0,2016-03-19 22:05:32,276.0
50.0,2016-01-18 22:57:48,276.0
25.0,2017-04-03 12:48:08,276.0
25.0,2017-11-01 16:58:10,278.0
1500.0,2017-07-31 20:31:36,279.0
1000.0,2018-04-03 15:36:58,281.0
1000.0,2018-03-28 12:51:48,281.0
25.0,2018-05-25 16:08:43,286.0
25.0,2018-02-21 21:25:30,286.0
50.0,2016-08-15 15:31:51,286.0
25.0,2017-03-22 17:47:35,286.0
250.0,2016-12-18 13:51:30,290.0
250.0,2016-05-30 22:31:23,290.0
250.0,2017-02-10 16:07:34,290.0
500.0,2017-02-10 12:37:14,290.0
250.0,2017-09-03 22:27:43,290.0
250.0,2016-04-16 13:35:14,290.0
500.0,2018-02-27 18:45:45,290.0
250.0,2015-07-14 17:58:03,290.0
250.0,2017-05-17 19:41:53,290.0
50.0,2018-03-20 17:00:36,291.0
50.0,2017-08-09 19:23:58,292.0
1000.0,2016-05-10 22:49:13,293.0
500.0,2017-07-08 19:08:59,293.0
500.0,2016-01-18 13:59:26,293.0
500.0,2016-01-17 15:10:17,293.0
500.0,2017-12-02 22:47:03,293.0
1000.0,2017-01-10 20:01:02,293.0
500.0,2016-11-12 11:51:48,293.0
500.0,2016-01-12 16:04:24,293.0
1000.0,2017-08-27 16:57:52,293.0
500.0,2017-07-25 11:09:40,293.0
1000.0,2017-06-07 22:50:16,293.0
1000.0,2017-05-21 12:06:09,293.0
1000.0,2017-07-19 14:58:41,293.0
1000.0,2017-11-18 19:55:55,293.0
500.0,2016-06-22 19:04:27,293.0
50.0,2017-07-27 12:11:42,294.0
25.0,2018-02-06 16:12:08,296.0
50.0,2017-11-26 20:22:49,296.0
50.0,2018-05-05 14:24:05,296.0
50.0,2018-01-14 22:03:01,296.0
25.0,2018-01-02 15:20:55,298.0
25.0,2016-08-02 15:23:09,298.0
50.0,2017-02-13 22:29:44,298.0
25.0,2017-04-17 15:41:24,298.0
50.0,2017-07-18 20:28:43,301.0
25.0,2018-01-18 13:19:28,301.0
25.0,2017-12-26 18:39:35,301.0
50.0,2017-08-21 18:03:22,303.0
25.0,2017-12-13 16:23:27,307.0
25.0,2018-03-27 16:37:25,307.0
50.0,2017-11-02 16:16:28,307.0
50.0,2018-02-26 18:10:08,307.0
500.0,2018-04-15 17:01:34,310.0
500.0,2016-11-30 16:11:48,310.0
250.0,2016-04-28 21:36:26,311.0
500.0,2016-05-19 12:43:55,311.0
250.0,2018-05-19 15:15:00,311.0
250.0,2016-03-19 22:55:34,311.0
250.0,2018-03-15 22:14:03,311.0
250.0,2016-07-09 20:02:18,311.0
50.0,2017-04-29 22:39:54,313.0
50.0,2017-10-22 12:14:27,313.0
25.0,2016-03-26 12:55:01,313.0
25.0,2017-06-24 14:18:57,313.0
25.0,2018-03-30 11:27:21,313.0
50.0,2018-03-02 21:25:38,313.0
250.0,2015-11-15 12:00:57,314.0
250.0,2018-05-18 17:16:42,314.0
250.0,2017-06-12 14:01:57,314.0
500.0,2017-03-19 17:19:16,314.0
250.0,2016-09-29 13:33:33,314.0
500.0,2017-04-17 16:10:48,314.0
250.0,2016-06-19 20:41:40,314.0
500.0,2016-05-05 13:47:10,314.0
500.0,2015-08-14 19:00:49,314.0
25.0,2016-08-20 11:13:47,315.0
50.0,2015-12-10 20:57:13,315.0
25.0,2018-02-08 21:29:56,315.0
25.0,2016-06-14 12:05:01,315.0
100.0,2018-03-30 19:12:20,316.0
75.0,2016-06-06 18:49:27,316.0
75.0,2016-10-28 16:34:41,316.0
75.0,2017-04-04 14:08:54,316.0
50.0,2017-12-04 21:29:05,317.0
25.0,2018-02-20 22:40:01,318.0
25.0,2016-10-01 17:21:04,318.0
25.0,2017-06-12 18:18:56,318.0
50.0,2017-11-29 13:37:25,318.0
25.0,2016-06-11 14:07:34,318.0
25.0,2016-08-10 15:36:59,318.0
25.0,2017-11-30 12:57:39,318.0
50.0,2015-03-13 12:05:46,318.0
50.0,2016-12-13 11:50:32,319.0
25.0,2016-02-24 21:45:47,319.0
25.0,2017-09-28 13:36:07,319.0
25.0,2016-12-12 16:45:14,319.0
25.0,2017-11-26 17:06:48,320.0
25.0,2017-09-20 14:18:09,320.0
25.0,2018-03-11 13:54:27,320.0
25.0,2016-03-02 12:54:02,321.0
25.0,2017-03-24 21:46:19,321.0
25.0,2015-04-16 21:29:49,321.0
25.0,2015-10-30 16:35:54,321.0
25.0,2016-06-28 20:46:45,322.0
25.0,2017-03-02 20:45:41,322.0
25.0,2016-04-05 16:18:31,322.0
50.0,2017-11-11 14:30:27,327.0
50.0,2018-05-16 14:39:39,329.0
50.0,2017-09-08 22:32:51,329.0
250.0,2018-04-24 13:24:08,330.0
100.0,2017-05-13 12:12:56,330.0
100.0,2018-02-08 18:52:16,330.0
100.0,2016-12-20 22:24:09,330.0
100.0,2018-02-16 22:24:02,330.0
100.0,2017-12-06 13:24:24,330.0
100.0,2017-03-07 15:36:35,330.0
100.0,2016-12-28 17:01:22,330.0
75.0,2017-12-24 18:10:48,331.0
75.0,2018-06-01 20:20:53,331.0
100.0,2017-12-06 18:51:47,331.0
50.0,2016-04-01 18:17:07,332.0
50.0,2018-04-29 20:59:47,332.0
25.0,2017-01-22 12:04:30,332.0
25.0,2015-11-23 20:20:45,333.0
25.0,2016-10-01 20:37:43,333.0
25.0,2016-10-02 22:55:34,333.0
50.0,2016-09-16 13:09:23,333.0
25.0,2016-06-03 15:09:52,333.0
50.0,2016-08-11 20:30:03,333.0
25.0,2016-04-28 15:39:48,333.0
25.0,2017-02-12 19:53:12,333.0
25.0,2017-04-14 22:04:14,333.0
25.0,2016-09-06 12:41:08,333.0
25.0,2016-09-10 17:22:58,333.0
25.0,2017-10-20 13:19:56,333.0
25.0,2018-05-05 19:51:28,334.0
250.0,2018-01-16 18:13:50,336.0
100.0,2017-01-13 22:15:21,336.0
50.0,2018-01-30 15:54:31,338.0
25.0,2015-09-03 18:09:30,342.0
50.0,2015-11-15 17:54:32,342.0
25.0,2017-06-17 20:20:16,342.0
25.0,2016-10-09 21:38:47,342.0
25.0,2017-05-21 19:40:13,342.0
25.0,2016-12-10 12:43:52,342.0
50.0,2018-03-15 16:19:23,342.0
50.0,2015-07-28 19:23:49,342.0
25.0,2015-08-16 13:17:01,342.0
25.0,2016-05-10 21:52:55,342.0
50.0,2017-02-25 17:48:43,342.0
25.0,2015-04-10 22:54:41,342.0
25.0,2016-11-01 17:06:39,342.0
25.0,2015-02-25 13:06:38,342.0
25.0,2016-02-02 15:43:30,342.0
25.0,2015-04-05 11:51:08,342.0
25.0,2017-03-05 15:49:08,342.0
50.0,2017-06-24 17:57:04,342.0
25.0,2015-02-12 15:12:19,342.0
25.0,2015-03-12 21:18:14,342.0
50.0,2015-12-23 13:07:33,342.0
25.0,2016-04-29 15:59:10,342.0
50.0,2017-09-03 21:27:37,342.0
25.0,2017-08-30 18:08:38,342.0
50.0,2018-04-05 22:55:03,343.0
50.0,2018-02-06 11:38:39,343.0
25.0,2018-01-31 21:20:17,345.0
25.0,2017-09-26 21:45:46,345.0
25.0,2015-02-16 11:15:02,345.0
50.0,2018-04-23 22:46:40,345.0
25.0,2018-02-17 13:09:12,345.0
50.0,2015-05-13 16:04:37,345.0
25.0,2015-09-21 20:15:12,345.0
25.0,2015-05-01 18:35:19,345.0
50.0,2017-08-15 13:59:20,345.0
50.0,2016-01-11 20:04:01,345.0
25.0,2015-09-24 11:45:36,345.0
50.0,2016-11-03 20:48:35,345.0
50.0,2017-07-01 16:23:59,346.0
50.0,2018-02-19 21:07:45,346.0
25.0,2018-01-24 15:14:42,346.0
25.0,2017-09-06 18:27:04,347.0
25.0,2018-04-26 14:11:01,347.0
75.0,2017-06-30 13:54:54,354.0
75.0,2015-06-05 15:29:11,354.0
100.0,2016-08-17 17:32:20,354.0
75.0,2016-03-05 15:42:51,354.0
75.0,2015-09-23 17:10:12,354.0
75.0,2016-04-08 17:27:54,354.0
75.0,2017-02-19 22:57:55,354.0
75.0,2015-02-15 20:22:14,354.0
75.0,2015-09-10 19:41:23,354.0
100.0,2015-12-25 15:01:42,354.0
75.0,2017-07-21 19:24:54,354.0
75.0,2015-06-10 21:16:06,354.0
50.0,2017-11-03 14:06:44,358.0
25.0,2016-08-18 18:32:34,358.0
25.0,2016-04-13 14:07:47,358.0
25.0,2017-07-05 19:20:06,361.0
25.0,2017-07-10 11:11:41,361.0
25.0,2017-06-22 21:29:11,364.0
50.0,2017-11-28 22:58:22,364.0
25.0,2016-11-12 19:35:14,364.0
25.0,2017-11-06 12:47:58,364.0
25.0,2017-04-01 19:28:55,364.0
25.0,2017-04-24 21:19:23,364.0
25.0,2017-12-13 11:30:22,364.0
50.0,2017-01-10 21:18:39,364.0
25.0,2017-05-03 15:34:44,365.0
25.0,2016-12-11 20:26:33,365.0
50.0,2017-05-29 12:36:12,365.0
25.0,2016-10-28 17:13:52,365.0
25.0,2017-07-04 20:49:58,365.0
25.0,2018-04-14 12:04:42,365.0
25.0,2017-08-17 19:59:28,366.0
50.0,2016-02-29 13:15:43,366.0
50.0,2016-03-25 20:59:48,366.0
50.0,2016-04-13 14:59:19,370.0
25.0,2018-01-04 17:52:19,370.0
50.0,2015-09-16 14:28:18,370.0
25.0,2016-07-26 22:40:18,370.0
25.0,2018-04-25 15:01:23,370.0
50.0,2015-08-14 19:44:18,370.0
25.0,2016-11-05 15:00:29,370.0
25.0,2017-07-21 20:57:44,370.0
50.0,2017-09-28 16:58:20,371.0
50.0,2015-04-29 12:07:06,371.0
25.0,2018-02-08 21:37:29,371.0
25.0,2016-03-28 20:52:11,371.0
25.0,2017-04-04 21:42:44,371.0
25.0,2018-03-26 22:35:44,371.0
25.0,2015-11-14 13:05:32,371.0
25.0,2015-11-30 15:01:23,371.0
100.0,2016-10-07 22:06:12,372.0
100.0,2016-12-30 17:19:04,372.0
100.0,2015-11-22 16:19:49,372.0
25.0,2017-07-10 20:38:08,373.0
50.0,2016-07-04 22:40:39,373.0
25.0,2017-01-09 16:05:14,373.0
250.0,2018-05-06 14:20:23,375.0
250.0,2017-11-23 20:05:22,375.0
25.0,2018-02-17 19:48:07,377.0
50.0,2018-02-11 14:27:37,381.0
50.0,2017-04-22 18:17:01,381.0
1000.0,2016-07-06 13:07:20,383.0
1000.0,2017-08-24 18:50:30,383.0
1500.0,2015-05-19 11:53:22,383.0
1000.0,2017-11-04 18:13:55,383.0
1000.0,2016-07-11 16:21:25,383.0
1000.0,2017-07-29 16:56:58,383.0
1000.0,2015-11-14 22:46:13,383.0
1000.0,2018-04-13 19:25:58,383.0
1000.0,2017-01-25 15:12:32,383.0
500.0,2015-08-02 11:49:53,384.0
500.0,2015-09-26 17:04:05,384.0
1000.0,2017-04-19 11:21:34,384.0
500.0,2017-09-28 12:22:19,384.0
1000.0,2017-11-08 12:14:43,384.0
500.0,2015-07-26 12:16:45,384.0
500.0,2015-02-22 22:57:38,384.0
500.0,2017-02-10 16:09:55,384.0
500.0,2016-03-20 18:34:52,384.0
500.0,2018-03-12 16:21:00,384.0
500.0,2015-12-21 15:07:03,384.0
500.0,2015-04-13 18:53:46,384.0
250.0,2017-02-05 21:16:23,387.0
100.0,2018-01-13 21:31:40,387.0
250.0,2016-04-17 21:32:09,387.0
100.0,2016-07-06 20:01:11,387.0
25.0,2017-10-17 12:31:16,389.0
50.0,2018-01-12 15:29:49,389.0
50.0,2018-03-03 16:01:20,389.0
25.0,2017-10-17 14:33:48,393.0
25.0,2017-06-16 21:50:51,393.0
50.0,2018-02-14 16:22:51,395.0
50.0,2017-11-17 12:51:24,395.0
25.0,2017-11-14 22:32:52,395.0
50.0,2017-04-05 13:16:53,396.0
50.0,2017-08-03 17:30:16,396.0
50.0,2018-02-05 20:26:43,396.0
25.0,2018-05-16 14:58:32,396.0
50.0,2017-05-21 17:21:47,396.0
25.0,2017-01-01 21:43:47,396.0
25.0,2018-01-17 16:48:37,398.0
25.0,2018-03-02 22:23:36,398.0
25.0,2018-03-16 21:45:20,398.0
25.0,2018-02-19 12:27:42,398.0
25.0,2018-02-24 16:17:14,398.0
25.0,2018-01-11 21:04:04,398.0
50.0,2018-01-15 21:41:15,398.0
25.0,2017-07-22 19:56:18,399.0
25.0,2016-03-01 20:03:40,399.0
25.0,2015-09-06 21:38:34,399.0
50.0,2015-07-29 17:43:58,399.0
50.0,2018-05-17 13:25:20,399.0
25.0,2017-11-13 13:55:21,399.0
75.0,2018-02-12 12:28:50,400.0
1500.0,2016-06-03 14:11:20,401.0
1500.0,2017-03-31 13:00:38,401.0
2000.0,2018-02-06 13:13:20,401.0
1500.0,2016-08-15 12:01:53,401.0
2000.0,2018-04-27 20:44:17,401.0
1500.0,2017-06-23 17:28:56,401.0
25.0,2017-01-20 15:36:37,404.0
25.0,2017-09-10 18:47:15,404.0
25.0,2017-05-12 20:02:23,404.0
25.0,2017-11-30 19:36:58,404.0
25.0,2015-12-23 14:27:34,405.0
25.0,2017-05-15 11:46:45,405.0
25.0,2016-01-05 13:52:15,405.0
25.0,2018-01-20 13:58:27,405.0
25.0,2016-07-11 22:50:32,405.0
50.0,2015-06-12 13:58:37,405.0
50.0,2016-11-19 13:03:55,405.0
25.0,2017-08-22 14:55:37,405.0
25.0,2017-08-15 14:57:31,406.0
250.0,2017-04-26 13:01:08,407.0
250.0,2017-02-18 19:21:41,407.0
250.0,2018-01-12 14:18:58,407.0
250.0,2017-07-20 20:05:22,407.0
50.0,2018-06-01 12:15:40,408.0
250.0,2017-10-23 19:46:19,409.0
250.0,2017-05-19 15:06:38,409.0
500.0,2017-08-22 18:32:38,411.0
500.0,2017-06-27 11:17:44,411.0
1000.0,2017-06-10 13:37:01,411.0
500.0,2018-04-11 12:50:09,411.0
2000.0,2018-02-27 11:22:29,412.0
2000.0,2017-12-31 11:52:19,412.0
1500.0,2017-03-09 18:57:21,412.0
75.0,2016-01-14 18:57:33,413.0
75.0,2017-03-06 20:52:23,413.0
100.0,2016-06-19 17:14:18,413.0
75.0,2017-08-31 11:52:30,413.0
75.0,2017-09-20 18:47:20,413.0
75.0,2017-04-18 18:55:30,413.0
75.0,2016-02-27 21:45:40,413.0
75.0,2018-02-23 16:08:10,413.0
75.0,2018-01-23 20:14:14,413.0
75.0,2016-07-02 16:56:16,413.0
75.0,2016-03-09 22:30:32,413.0
75.0,2017-10-25 15:37:15,413.0
500.0,2018-05-24 13:21:36,416.0
1000.0,2017-07-28 19:21:41,416.0
25.0,2017-11-13 11:17:51,417.0
25.0,2017-01-28 18:21:32,417.0
25.0,2017-12-24 21:39:39,417.0
25.0,2016-01-29 21:33:13,418.0
25.0,2016-11-26 18:35:16,418.0
25.0,2018-02-17 18:43:52,418.0
25.0,2016-12-24 21:15:28,418.0
50.0,2018-03-03 16:29:45,418.0
25.0,2016-03-06 21:15:05,418.0
25.0,2018-03-20 19:54:00,418.0
25.0,2017-07-21 17:17:48,418.0
25.0,2018-06-02 12:49:15,418.0
25.0,2017-04-03 22:58:54,418.0
25.0,2016-10-10 21:09:07,418.0
50.0,2018-04-03 17:13:54,418.0
25.0,2018-05-23 18:28:10,421.0
75.0,2018-04-23 15:57:06,423.0
50.0,2018-05-14 16:24:11,423.0
25.0,2018-05-02 13:40:40,424.0
25.0,2017-08-02 16:48:07,427.0
50.0,2017-11-10 12:48:07,427.0
50.0,2017-11-04 19:17:52,429.0
25.0,2017-07-03 22:26:36,429.0
50.0,2016-04-04 11:17:37,429.0
25.0,2017-05-17 14:54:07,431.0
50.0,2017-12-27 11:48:06,431.0
25.0,2018-01-29 21:27:27,431.0
50.0,2017-07-28 15:56:33,431.0
25.0,2017-12-12 19:53:11,431.0
50.0,2018-05-29 14:25:37,431.0
25.0,2018-04-30 16:03:45,432.0
25.0,2018-02-03 14:39:33,432.0
50.0,2018-01-10 15:49:16,432.0
500.0,2018-04-30 21:29:24,433.0
250.0,2018-01-11 14:49:54,433.0
250.0,2017-09-14 18:08:55,434.0
500.0,2016-12-26 20:24:10,434.0
250.0,2016-03-11 16:33:59,434.0
500.0,2015-04-22 18:14:10,434.0
500.0,2017-07-17 19:40:19,434.0
500.0,2017-08-15 15:43:14,434.0
250.0,2018-01-15 12:31:02,434.0
500.0,2016-05-18 21:24:16,434.0
500.0,2016-03-06 16:49:26,434.0
500.0,2018-04-16 15:58:58,434.0
250.0,2018-01-31 15:43:26,434.0
250.0,2017-11-23 13:21:58,434.0
250.0,2015-11-01 20:53:50,434.0
250.0,2015-09-28 17:23:24,434.0
500.0,2018-02-07 18:18:27,434.0
500.0,2017-12-01 21:35:13,434.0
50.0,2017-07-17 16:34:13,435.0
75.0,2017-02-18 18:13:59,435.0
50.0,2017-08-18 12:30:27,435.0
50.0,2018-03-11 13:48:47,435.0
50.0,2017-02-21 13:54:06,435.0
25.0,2018-01-17 16:13:28,440.0
25.0,2017-08-15 14:53:51,440.0
50.0,2017-08-18 15:36:57,440.0
50.0,2016-06-16 22:13:09,441.0
25.0,2016-07-24 22:20:11,441.0
50.0,2016-05-15 22:15:48,441.0
25.0,2016-10-22 18:26:06,441.0
25.0,2016-03-15 21:36:24,441.0
50.0,2018-01-29 17:10:37,441.0
25.0,2016-03-29 14:19:40,444.0
50.0,2017-12-31 18:24:28,444.0
25.0,2016-08-24 20:24:27,444.0
25.0,2016-11-28 20:17:21,445.0
50.0,2017-02-24 12:19:09,445.0
25.0,2017-12-08 18:35:04,445.0
25.0,2017-11-06 22:48:56,445.0
500.0,2018-01-28 12:48:07,446.0
50.0,2017-03-18 19:59:25,447.0
500.0,2018-02-09 22:15:28,449.0
1000.0,2017-11-21 11:00:06,449.0
1000.0,2017-12-31 15:21:03,449.0
25.0,2017-12-30 19:40:26,450.0
50.0,2017-04-04 22:28:40,450.0
50.0,2017-10-22 13:12:51,450.0
25.0,2017-08-27 11:08:07,450.0
50.0,2018-05-07 15:27:32,452.0
50.0,2017-08-31 13:38:38,452.0
250.0,2018-02-16 11:51:49,454.0
25.0,2016-10-23 17:19:28,455.0
25.0,2017-02-22 15:59:59,455.0
50.0,2017-07-05 17:25:41,455.0
50.0,2018-03-21 19:45:01,455.0
25.0,2018-01-22 11:26:23,456.0
25.0,2017-09-01 15:26:30,456.0
25.0,2017-03-09 11:14:24,456.0
50.0,2018-03-05 22:26:20,456.0
25.0,2017-09-14 11:58:26,458.0
25.0,2017-02-06 21:08:02,458.0
50.0,2016-12-24 18:15:21,458.0
25.0,2018-02-05 20:37:19,459.0
25.0,2017-06-17 18:57:22,460.0
25.0,2017-09-28 19:58:15,460.0
25.0,2015-10-30 22:56:56,462.0
25.0,2015-06-10 12:43:03,462.0
25.0,2016-07-21 12:38:42,462.0
25.0,2017-09-21 11:58:38,462.0
25.0,2018-03-15 22:40:47,463.0
25.0,2018-05-19 11:16:29,463.0
25.0,2018-02-02 19:57:14,463.0
50.0,2017-06-22 11:18:30,464.0
25.0,2016-08-18 20:26:25,464.0
50.0,2015-11-27 22:00:31,464.0
50.0,2017-02-07 11:00:57,464.0
25.0,2016-07-04 12:10:44,464.0
50.0,2017-03-30 20:47:19,464.0
250.0,2017-06-20 16:55:27,466.0
250.0,2017-04-17 15:09:35,466.0
500.0,2017-10-30 13:25:41,466.0
25.0,2017-04-11 15:58:41,468.0
25.0,2017-12-06 22:45:12,468.0
25.0,2017-04-20 16:10:31,468.0
25.0,2017-06-27 21:54:43,468.0
50.0,2017-02-07 15:26:13,468.0
25.0,2017-03-06 17:18:35,468.0
50.0,2017-09-24 20:29:18,469.0
50.0,2017-11-20 19:58:06,471.0
25.0,2018-01-24 17:18:53,471.0
25.0,2017-10-02 22:29:25,471.0
25.0,2018-02-17 18:04:20,471.0
100.0,2017-08-23 20:44:28,472.0
100.0,2018-04-30 11:34:04,472.0
250.0,2017-11-09 18:40:21,472.0
50.0,2017-03-12 15:47:21,475.0
50.0,2018-02-19 21:31:41,475.0
1500.0,2018-04-19 22:34:13,476.0
25.0,2017-07-31 15:28:25,479.0
50.0,2018-04-26 13:57:08,479.0
25.0,2016-11-24 22:36:17,479.0
25.0,2017-07-13 16:53:42,479.0
25.0,2016-10-11 12:08:48,479.0
25.0,2015-12-14 12:46:15,479.0
25.0,2017-12-23 22:01:03,479.0
25.0,2017-06-06 20:54:45,479.0
25.0,2018-03-25 22:06:49,481.0
25.0,2016-08-23 14:22:09,481.0
25.0,2017-01-17 14:42:14,481.0
25.0,2016-09-16 17:16:30,481.0
25.0,2017-08-29 14:27:53,481.0
25.0,2017-03-05 11:15:42,481.0
25.0,2018-03-30 20:29:29,483.0
50.0,2015-09-10 13:55:08,483.0
25.0,2016-10-17 14:32:48,483.0
50.0,2016-06-07 14:52:02,483.0
500.0,2018-05-10 17:35:35,484.0
250.0,2018-01-31 15:05:51,484.0
25.0,2017-12-27 21:09:46,485.0
50.0,2018-02-01 14:59:32,485.0
25.0,2018-01-14 21:52:35,485.0
50.0,2018-02-20 16:49:33,485.0
25.0,2018-02-17 19:02:28,486.0
25.0,2017-08-08 15:25:48,486.0
25.0,2017-10-07 11:51:29,487.0
25.0,2018-03-09 15:23:47,487.0
25.0,2017-08-15 21:11:45,487.0
50.0,2015-12-20 16:56:15,488.0
50.0,2016-06-04 22:34:33,488.0
50.0,2018-02-22 17:31:53,488.0
25.0,2016-11-18 16:59:26,488.0
50.0,2017-03-27 11:36:51,488.0
50.0,2015-04-16 15:22:29,488.0
25.0,2015-11-19 22:47:07,488.0
25.0,2018-03-26 14:57:33,488.0
1000.0,2016-10-23 21:13:46,490.0
1000.0,2017-05-27 22:04:14,490.0
1000.0,2015-05-28 20:43:04,490.0
1500.0,2018-01-13 12:32:20,490.0
50.0,2017-04-29 12:51:39,494.0
50.0,2016-04-16 11:54:43,495.0
25.0,2017-04-20 22:44:11,495.0
50.0,2016-11-04 20:15:27,495.0
25.0,2015-12-02 20:02:46,495.0
25.0,2017-11-19 12:17:12,495.0
25.0,2017-10-11 21:02:38,495.0
25.0,2016-10-09 16:55:57,496.0
25.0,2017-11-05 11:36:30,496.0
50.0,2017-08-29 14:37:56,496.0
25.0,2018-03-12 20:38:04,496.0
25.0,2017-08-31 14:15:29,496.0
25.0,2017-03-08 15:48:30,496.0
25.0,2017-10-24 21:10:42,497.0
250.0,2018-01-24 18:14:08,501.0
250.0,2016-01-06 17:44:10,501.0
500.0,2015-12-26 12:14:38,501.0
250.0,2015-11-15 16:06:45,501.0
250.0,2015-10-09 17:00:15,501.0
250.0,2016-03-22 21:32:34,501.0
250.0,2018-01-10 21:57:14,501.0
250.0,2016-10-15 16:01:47,501.0
250.0,2015-11-03 15:12:48,501.0
100.0,2018-04-19 12:29:44,505.0
50.0,2018-01-04 19:49:53,509.0
25.0,2017-05-02 21:38:23,509.0
50.0,2017-06-04 17:45:11,509.0
25.0,2018-05-31 13:30:44,509.0
25.0,2017-06-24 21:09:37,510.0
25.0,2017-01-15 22:40:33,510.0
25.0,2016-07-20 18:35:10,510.0
25.0,2018-04-08 19:15:56,510.0
25.0,2017-01-05 13:49:52,510.0
25.0,2018-06-01 19:34:13,510.0
50.0,2015-11-25 14:58:52,510.0
25.0,2018-01-16 20:47:49,510.0
25.0,2018-03-27 15:34:01,510.0
25.0,2016-06-13 17:23:16,510.0
50.0,2017-01-10 13:19:18,510.0
25.0,2015-05-26 12:14:34,510.0
250.0,2018-02-11 20:52:11,512.0
100.0,2016-04-27 20:53:22,512.0
100.0,2017-01-15 11:48:01,512.0
100.0,2018-01-11 21:39:58,512.0
100.0,2017-11-27 15:17:34,512.0
250.0,2015-12-29 14:11:34,512.0
100.0,2016-04-11 18:57:04,512.0
100.0,2016-03-20 15:51:37,512.0
100.0,2017-09-29 12:26:33,512.0
100.0,2017-02-28 12:45:19,512.0
100.0,2015-10-31 21:03:30,512.0
100.0,2017-08-19 13:43:58,512.0
25.0,2018-04-13 22:55:59,513.0
50.0,2018-05-25 16:21:03,513.0
25.0,2017-08-18 17:22:38,513.0
25.0,2017-08-21 15:31:41,513.0
250.0,2016-05-12 18:02:22,515.0
100.0,2016-03-01 16:18:32,515.0
100.0,2015-11-21 15:43:41,515.0
100.0,2016-01-15 22:07:48,515.0
25.0,2015-03-23 16:09:11,516.0
25.0,2018-02-20 18:38:30,516.0
25.0,2017-01-07 17:42:35,516.0
50.0,2016-06-18 14:53:13,516.0
50.0,2017-07-04 20:39:03,516.0
25.0,2018-04-30 17:48:43,516.0
25.0,2016-07-13 15:49:24,516.0
50.0,2017-09-17 11:34:40,516.0
250.0,2017-07-29 14:34:35,519.0
250.0,2016-09-21 18:55:31,519.0
250.0,2017-11-30 19:25:19,519.0
250.0,2017-10-12 15:13:22,519.0
250.0,2016-05-25 13:14:03,520.0
250.0,2017-05-24 11:28:49,520.0
250.0,2018-02-09 13:34:46,520.0
250.0,2016-11-15 21:47:31,520.0
250.0,2017-05-23 21:59:35,520.0
250.0,2017-06-29 19:29:51,520.0
75.0,2017-11-06 14:11:01,523.0
100.0,2017-02-24 21:37:55,523.0
75.0,2017-09-19 13:47:54,523.0
75.0,2017-07-06 19:39:11,523.0
75.0,2017-04-03 22:25:43,523.0
75.0,2016-06-11 13:11:10,523.0
100.0,2018-03-01 19:35:20,526.0
25.0,2016-11-16 15:30:46,529.0
25.0,2017-11-30 14:01:56,529.0
25.0,2018-02-20 15:00:20,529.0
50.0,2017-04-19 17:51:57,529.0
25.0,2016-10-22 15:19:03,529.0
25.0,2017-12-22 20:35:19,529.0
50.0,2016-12-09 18:02:35,529.0
50.0,2016-12-25 16:15:01,529.0
25.0,2018-04-11 22:35:54,531.0
25.0,2018-04-03 14:33:55,531.0
50.0,2018-01-04 11:52:37,531.0
75.0,2017-08-24 18:03:35,532.0
75.0,2016-12-07 15:17:34,532.0
100.0,2018-04-14 20:58:38,532.0
75.0,2016-11-29 18:54:40,532.0
75.0,2018-06-03 11:03:28,532.0
75.0,2017-05-25 12:28:58,532.0
100.0,2016-08-14 12:46:10,532.0
75.0,2017-05-16 15:21:49,532.0
75.0,2016-11-02 22:59:53,532.0
75.0,2017-11-26 20:22:50,532.0
75.0,2016-09-15 11:54:45,532.0
75.0,2017-06-21 12:27:25,532.0
25.0,2017-09-08 21:12:42,534.0
50.0,2018-04-15 14:03:56,534.0
50.0,2017-08-02 21:03:24,534.0
25.0,2017-12-25 16:59:44,534.0
50.0,2017-09-26 20:50:06,535.0
50.0,2018-04-24 14:25:26,536.0
50.0,2016-09-17 13:38:24,536.0
50.0,2016-07-06 21:19:41,536.0
50.0,2017-07-19 12:19:05,536.0
50.0,2017-08-24 17:20:55,536.0
50.0,2016-12-16 19:43:26,536.0
50.0,2015-04-30 17:17:08,536.0
50.0,2017-11-13 16:54:36,536.0
75.0,2016-11-11 18:48:42,536.0
100.0,2017-03-29 19:50:06,538.0
250.0,2016-10-11 16:46:17,538.0
100.0,2017-01-29 15:56:31,538.0
100.0,2017-12-04 12:54:46,538.0
100.0,2018-04-26 19:13:28,538.0
100.0,2015-03-10 17:23:15,538.0
100.0,2015-05-07 16:07:37,538.0
100.0,2015-11-15 21:36:07,538.0
25.0,2018-01-27 21:26:08,541.0
25.0,2018-05-06 17:43:10,541.0
25.0,2018-05-23 14:57:20,541.0
25.0,2018-01-12 15:05:21,542.0
25.0,2018-05-18 19:56:21,542.0
50.0,2018-05-24 16:03:50,542.0
25.0,2017-12-11 18:08:08,542.0
50.0,2018-01-10 20:39:39,542.0
25.0,2016-03-12 21:50:26,543.0
25.0,2015-09-27 21:59:37,543.0
25.0,2016-05-21 16:55:59,543.0
25.0,2018-05-31 22:47:37,543.0
100.0,2016-01-21 22:53:50,544.0
100.0,2017-06-07 22:53:21,544.0
100.0,2018-04-25 20:44:59,544.0
100.0,2016-06-03 19:12:00,544.0
100.0,2018-05-15 11:08:27,544.0
250.0,2015-08-11 12:40:20,544.0
100.0,2015-09-05 21:51:56,544.0
100.0,2016-05-14 13:36:35,544.0
100.0,2015-04-08 14:13:13,544.0
100.0,2017-07-30 11:57:41,544.0
100.0,2017-03-27 19:17:32,544.0
100.0,2017-12-04 18:30:10,544.0
100.0,2015-11-09 18:32:08,544.0
250.0,2017-11-11 17:15:09,544.0
100.0,2018-04-13 13:09:01,544.0
100.0,2017-03-22 20:50:22,544.0
100.0,2015-06-19 14:59:00,544.0
100.0,2017-12-22 17:02:56,544.0
100.0,2015-05-31 14:39:20,544.0
250.0,2015-07-31 15:03:49,544.0
100.0,2016-05-09 18:55:13,544.0
250.0,2017-06-07 13:23:30,544.0
100.0,2016-12-17 15:27:33,544.0
100.0,2015-04-20 12:25:06,544.0
100.0,2016-11-24 21:12:52,544.0
100.0,2016-10-12 12:44:58,544.0
100.0,2017-12-08 19:15:28,544.0
100.0,2015-10-17 18:31:47,544.0
25.0,2017-12-18 20:50:44,545.0
25.0,2017-03-28 11:26:03,545.0
50.0,2015-02-13 22:12:50,545.0
25.0,2018-01-11 12:52:56,545.0
25.0,2018-01-19 11:09:14,546.0
25.0,2018-05-07 16:25:03,546.0
50.0,2016-05-08 12:26:10,547.0
50.0,2016-10-12 18:51:32,547.0
25.0,2016-10-16 20:09:45,547.0
25.0,2017-08-11 15:53:55,547.0
50.0,2016-10-12 19:41:07,547.0
25.0,2018-05-30 14:04:05,547.0
25.0,2018-01-22 17:22:04,547.0
25.0,2015-09-26 15:18:12,547.0
50.0,2016-01-18 15:19:31,547.0
25.0,2018-02-28 20:01:53,547.0
25.0,2017-09-14 21:26:08,547.0
50.0,2015-10-05 13:06:34,547.0
50.0,2016-01-19 22:36:53,549.0
50.0,2016-05-30 16:18:52,549.0
50.0,2017-10-12 17:17:30,549.0
25.0,2017-05-31 12:27:22,549.0
50.0,2017-02-15 20:06:56,549.0
25.0,2018-06-01 21:17:59,549.0
500.0,2017-11-01 19:39:13,550.0
1000.0,2017-08-18 14:25:51,550.0
250.0,2018-05-06 19:45:12,551.0
25.0,2016-02-01 17:46:11,552.0
25.0,2017-06-28 19:35:36,552.0
50.0,2016-09-07 16:15:44,552.0
50.0,2016-02-24 19:17:45,552.0
25.0,2017-12-10 18:29:37,552.0
25.0,2017-05-06 13:26:44,552.0
25.0,2016-05-03 12:28:07,552.0
25.0,2016-12-23 15:22:44,552.0
50.0,2017-02-07 11:45:36,552.0
25.0,2018-01-29 11:28:39,552.0
50.0,2016-01-17 13:18:17,552.0
25.0,2017-12-17 20:03:56,552.0
50.0,2017-12-11 11:18:49,553.0
50.0,2017-10-19 16:24:37,558.0
25.0,2018-01-27 17:52:31,558.0
25.0,2018-04-17 16:33:01,559.0
50.0,2018-04-30 19:53:15,559.0
25.0,2018-03-29 20:11:03,561.0
25.0,2018-01-30 20:02:03,561.0
25.0,2018-03-05 17:16:03,561.0
25.0,2017-02-02 14:31:59,562.0
25.0,2018-04-09 11:57:15,562.0
25.0,2017-08-29 13:06:53,563.0
25.0,2017-10-22 17:15:16,563.0
25.0,2017-07-23 19:08:52,563.0
1500.0,2016-07-03 12:58:33,564.0
1500.0,2016-04-03 11:46:19,564.0
1500.0,2016-05-06 15:35:48,564.0
2000.0,2017-10-24 16:25:06,564.0
2000.0,2016-04-29 22:56:21,564.0
2000.0,2016-05-09 12:17:43,564.0
1500.0,2015-02-18 17:28:55,564.0
2000.0,2017-01-23 14:45:38,564.0
2000.0,2015-06-24 12:37:30,564.0
1500.0,2015-07-22 17:44:26,564.0
1500.0,2016-04-13 22:54:56,564.0
1500.0,2015-05-30 12:55:18,564.0
1500.0,2016-09-21 20:42:09,564.0
2000.0,2016-09-04 12:30:23,564.0
1500.0,2016-11-29 22:10:12,564.0
1500.0,2018-01-27 18:32:59,564.0
1500.0,2016-07-11 16:51:38,564.0
1500.0,2016-06-12 19:07:42,564.0
1500.0,2017-12-13 20:16:15,564.0
1500.0,2016-11-13 19:27:01,564.0
1500.0,2016-01-08 20:16:32,564.0
1500.0,2017-08-08 19:36:19,564.0
1500.0,2017-04-10 21:41:49,564.0
1500.0,2016-05-12 17:57:33,564.0
250.0,2015-12-14 20:53:25,566.0
500.0,2018-01-07 13:23:42,566.0
250.0,2016-08-31 15:29:09,566.0
50.0,2016-10-20 21:38:20,568.0
50.0,2017-11-07 12:45:10,568.0
25.0,2015-10-16 16:07:39,568.0
25.0,2017-10-16 19:59:28,568.0
25.0,2017-07-18 19:07:14,568.0
25.0,2016-03-05 17:28:11,568.0
25.0,2017-04-25 14:36:30,568.0
25.0,2015-08-07 17:07:47,568.0
50.0,2017-04-18 18:32:48,568.0
25.0,2017-11-27 12:44:19,568.0
25.0,2017-01-04 22:17:35,568.0
25.0,2015-05-20 21:34:09,568.0
50.0,2016-06-08 13:43:39,570.0
25.0,2017-08-02 15:35:40,570.0
25.0,2016-01-23 14:30:51,570.0
25.0,2017-06-02 21:12:01,570.0
25.0,2017-07-03 16:35:02,570.0
25.0,2017-02-07 21:21:01,570.0
25.0,2017-05-14 17:04:30,570.0
50.0,2017-06-27 15:16:52,570.0
25.0,2016-06-10 12:39:24,570.0
25.0,2018-01-02 22:36:50,571.0
25.0,2017-07-04 16:17:41,571.0
25.0,2017-12-14 16:11:13,571.0
50.0,2018-05-01 14:50:29,573.0
50.0,2017-01-10 16:30:49,573.0
75.0,2018-01-07 18:57:39,573.0
75.0,2017-01-05 12:09:50,573.0
50.0,2017-01-16 20:02:52,573.0
50.0,2017-03-22 14:06:28,573.0
75.0,2017-05-02 12:39:57,573.0
50.0,2018-01-05 14:30:27,573.0
250.0,2017-11-20 22:37:07,575.0
250.0,2018-01-05 17:58:21,575.0
250.0,2018-05-26 22:14:10,575.0
500.0,2018-01-16 22:07:36,575.0
250.0,2017-12-03 14:52:17,575.0
25.0,2018-03-08 11:12:38,577.0
25.0,2018-05-16 15:00:49,577.0
25.0,2017-11-13 15:39:19,577.0
25.0,2016-06-01 17:39:58,579.0
50.0,2016-10-23 15:20:48,579.0
25.0,2017-03-04 18:20:58,579.0
25.0,2018-01-22 21:13:49,579.0
50.0,2018-01-21 21:46:48,580.0
25.0,2017-12-04 11:23:59,581.0
25.0,2017-01-10 20:49:52,581.0
25.0,2017-06-06 16:57:29,581.0
25.0,2018-04-02 14:19:19,581.0
50.0,2018-01-12 20:13:54,581.0
50.0,2015-05-27 16:42:46,581.0
25.0,2017-09-23 11:12:43,581.0
25.0,2017-12-12 15:13:20,581.0
25.0,2018-01-11 15:04:37,581.0
25.0,2015-10-07 21:44:21,581.0
25.0,2016-12-28 19:28:38,581.0
25.0,2016-05-01 16:44:08,581.0
25.0,2017-03-19 15:48:11,582.0
25.0,2017-04-29 13:47:16,582.0
50.0,2018-03-11 11:25:53,582.0
50.0,2017-11-24 13:27:55,582.0
100.0,2017-07-28 21:34:47,584.0
250.0,2018-02-01 16:12:53,587.0
500.0,2018-02-02 16:25:57,587.0
50.0,2018-03-31 11:46:44,589.0
25.0,2018-05-26 19:00:42,589.0
25.0,2018-04-27 17:40:25,589.0
500.0,2017-10-07 21:19:26,590.0
1000.0,2018-05-11 11:28:33,590.0
500.0,2016-07-06 14:53:34,590.0
500.0,2016-06-27 15:52:40,590.0
500.0,2016-05-26 11:43:41,590.0
500.0,2017-03-30 12:27:07,590.0
50.0,2018-02-01 17:37:01,591.0
25.0,2018-01-13 20:21:12,591.0
25.0,2017-11-22 14:29:01,591.0
25.0,2016-11-29 17:41:15,591.0
25.0,2018-02-18 14:19:34,592.0
25.0,2018-01-25 13:51:01,592.0
50.0,2018-04-30 17:57:47,594.0
25.0,2017-06-14 16:51:38,594.0
250.0,2018-05-10 12:19:44,595.0
100.0,2016-07-22 20:05:29,595.0
100.0,2017-11-02 21:58:44,595.0
250.0,2017-07-28 22:50:13,595.0
250.0,2017-04-04 19:27:59,595.0
250.0,2016-04-18 15:18:26,595.0
25.0,2017-12-19 18:31:24,596.0
50.0,2018-03-29 15:55:01,596.0
500.0,2018-04-17 12:14:24,597.0
500.0,2017-12-05 15:21:28,597.0
250.0,2018-03-27 13:00:37,598.0
250.0,2016-11-08 21:26:30,598.0
250.0,2016-01-26 14:45:46,600.0
250.0,2016-10-08 20:20:45,600.0
500.0,2018-03-03 19:28:29,600.0
250.0,2016-04-04 18:55:40,600.0
250.0,2017-11-04 22:56:18,600.0
250.0,2018-04-06 22:12:35,600.0
250.0,2016-03-20 22:46:20,600.0
500.0,2017-07-07 21:20:22,600.0
250.0,2017-06-04 20:27:15,600.0
25.0,2018-04-27 18:39:33,601.0
100.0,2018-05-19 13:06:49,602.0
75.0,2018-01-06 11:09:59,603.0
100.0,2018-04-30 11:08:45,603.0
25.0,2017-08-30 22:56:24,609.0
25.0,2018-02-16 14:21:58,610.0
25.0,2015-07-24 20:41:51,611.0
50.0,2017-03-15 11:54:37,611.0
25.0,2016-04-24 13:12:39,611.0
25.0,2016-05-28 11:00:15,611.0
25.0,2016-12-08 11:56:42,611.0
25.0,2017-02-14 13:46:31,611.0
25.0,2018-04-11 21:43:49,613.0
50.0,2017-11-08 14:38:04,613.0
25.0,2018-01-02 15:07:16,613.0
1000.0,2018-02-11 22:36:46,616.0
1000.0,2018-04-15 22:21:25,616.0
1500.0,2018-02-17 17:09:32,616.0
1500.0,2018-02-26 13:07:43,616.0
250.0,2018-01-03 16:17:20,617.0
250.0,2018-01-27 18:00:37,617.0
500.0,2018-01-19 20:08:29,617.0
250.0,2018-05-22 13:05:46,617.0
1500.0,2018-04-27 21:21:29,618.0
2000.0,2017-06-07 13:26:59,618.0
75.0,2015-04-22 11:06:45,620.0
75.0,2017-10-24 18:13:38,620.0
75.0,2017-11-16 12:10:47,620.0
75.0,2015-10-30 11:11:28,620.0
75.0,2017-02-17 21:54:55,620.0
75.0,2016-08-09 19:50:22,620.0
50.0,2017-11-24 17:29:08,621.0
250.0,2018-01-08 14:51:21,626.0
250.0,2018-05-11 20:05:12,626.0
100.0,2017-10-22 18:27:12,626.0
25.0,2018-04-23 14:23:56,629.0
25.0,2018-05-02 15:04:13,629.0
25.0,2018-02-11 15:21:25,634.0
50.0,2018-04-14 21:31:13,634.0
50.0,2018-05-06 13:55:04,634.0
25.0,2017-11-02 13:05:08,635.0
25.0,2017-11-08 19:11:59,635.0
25.0,2017-08-24 20:43:42,635.0
50.0,2017-10-25 12:38:20,637.0
25.0,2017-07-12 12:33:56,637.0
50.0,2018-03-10 14:25:31,638.0
25.0,2016-10-30 20:59:27,638.0
50.0,2018-05-02 18:45:08,638.0
25.0,2018-03-09 11:11:40,638.0
50.0,2018-02-17 18:51:03,638.0
25.0,2018-02-05 16:33:01,638.0
25.0,2016-11-15 18:07:47,638.0
25.0,2016-12-29 22:45:07,638.0
25.0,2016-03-26 22:51:04,641.0
25.0,2016-05-19 21:04:58,641.0
25.0,2018-03-19 21:08:34,641.0
25.0,2017-06-07 13:35:25,641.0
25.0,2016-01-20 13:13:47,644.0
50.0,2015-08-15 17:13:23,644.0
25.0,2015-02-19 20:10:43,644.0
50.0,2016-07-29 18:14:12,644.0
25.0,2015-12-24 17:31:23,644.0
25.0,2015-05-21 20:17:31,644.0
25.0,2017-12-19 16:37:12,644.0
25.0,2017-04-03 21:47:56,644.0
25.0,2017-11-25 13:21:14,644.0
50.0,2017-10-15 16:14:34,644.0
25.0,2018-05-08 16:43:50,644.0
50.0,2017-11-09 21:57:49,644.0
50.0,2017-04-04 16:55:34,644.0
25.0,2017-05-03 15:37:14,644.0
25.0,2016-04-10 16:34:31,644.0
50.0,2018-02-24 13:31:57,648.0
25.0,2018-04-06 16:08:32,648.0
25.0,2017-07-12 18:38:23,648.0
25.0,2016-09-01 15:54:24,648.0
2000.0,2017-03-02 11:44:27,649.0
1500.0,2016-08-10 20:48:12,649.0
50.0,2018-05-03 22:34:41,651.0
25.0,2016-08-19 17:16:29,651.0
50.0,2017-07-09 13:12:06,651.0
25.0,2016-07-07 13:54:20,651.0
50.0,2018-02-03 17:02:39,652.0
1500.0,2017-08-24 19:32:21,653.0
75.0,2016-01-23 15:55:58,654.0
75.0,2017-04-14 18:04:32,654.0
75.0,2016-10-24 19:03:16,654.0
100.0,2016-09-04 11:21:00,654.0
100.0,2017-11-06 14:57:28,654.0
100.0,2016-05-27 21:04:04,654.0
500.0,2017-08-05 22:05:45,655.0
500.0,2017-10-09 11:04:18,655.0
500.0,2017-08-10 18:27:41,655.0
500.0,2018-02-24 17:39:57,655.0
1000.0,2018-05-07 14:13:22,655.0
1500.0,2016-12-01 21:53:04,658.0
1000.0,2017-10-19 14:01:19,658.0
50.0,2017-09-28 22:54:04,659.0
25.0,2015-09-22 21:41:51,659.0
50.0,2016-12-12 11:59:12,659.0
50.0,2017-02-19 16:18:42,659.0
50.0,2016-06-28 15:40:44,659.0
50.0,2018-04-14 16:35:03,659.0
50.0,2017-05-07 19:56:30,659.0
25.0,2016-07-22 17:24:39,659.0
250.0,2017-10-17 17:11:03,662.0
250.0,2016-07-18 21:10:44,662.0
25.0,2017-07-01 17:33:23,663.0
25.0,2016-07-16 22:39:54,663.0
25.0,2016-06-16 22:01:43,663.0
25.0,2017-02-13 17:57:57,663.0
25.0,2016-09-27 12:36:37,663.0
50.0,2017-07-08 21:01:50,663.0
25.0,2016-06-30 17:32:45,663.0
50.0,2015-09-18 17:47:21,663.0
1500.0,2016-08-15 15:49:21,664.0
1500.0,2016-08-26 16:09:22,664.0
1500.0,2015-04-26 14:08:47,664.0
1500.0,2016-12-28 18:06:12,664.0
1500.0,2018-03-30 14:42:23,664.0
1500.0,2016-10-18 13:49:35,664.0
1000.0,2017-08-18 15:15:08,667.0
500.0,2017-08-14 18:47:23,667.0
500.0,2016-12-23 12:27:25,667.0
500.0,2018-04-23 16:00:33,667.0
50.0,2016-02-02 13:47:40,668.0
50.0,2017-05-21 21:17:01,668.0
75.0,2016-08-13 19:10:06,668.0
50.0,2017-09-29 12:41:06,668.0
50.0,2016-03-07 21:32:53,668.0
50.0,2017-10-23 16:20:19,668.0
50.0,2017-02-26 13:04:12,668.0
75.0,2018-01-02 17:24:03,668.0
50.0,2015-11-13 18:07:16,668.0
25.0,2017-07-28 22:44:59,670.0
50.0,2018-05-27 14:48:58,670.0
25.0,2017-08-28 17:54:48,670.0
25.0,2017-10-18 17:34:39,670.0
25.0,2017-05-07 15:13:55,670.0
50.0,2015-11-11 17:15:18,670.0
25.0,2017-07-17 22:08:19,670.0
25.0,2015-11-01 16:02:28,670.0
50.0,2018-01-07 11:55:04,670.0
25.0,2017-09-21 12:14:26,670.0
25.0,2017-11-30 16:19:25,670.0
25.0,2015-06-25 18:12:07,670.0
1000.0,2017-09-06 15:28:50,671.0
1500.0,2018-05-19 16:47:03,671.0
1000.0,2018-02-02 13:38:34,671.0
500.0,2017-06-11 21:15:02,674.0
250.0,2017-08-26 16:42:40,674.0
500.0,2017-02-16 19:12:10,674.0
25.0,2017-10-24 17:47:18,676.0
50.0,2017-07-16 13:38:15,676.0
25.0,2017-05-03 22:38:52,678.0
50.0,2016-09-01 17:20:41,678.0
50.0,2017-03-07 12:25:57,678.0
50.0,2018-02-14 12:54:13,678.0
25.0,2017-10-17 11:05:23,678.0
25.0,2017-11-28 11:44:37,678.0
25.0,2017-12-04 19:04:36,678.0
50.0,2016-10-06 16:44:58,678.0
25.0,2018-04-20 20:28:39,680.0
25.0,2018-03-06 17:00:49,680.0
25.0,2017-08-26 21:31:53,680.0
50.0,2017-09-09 14:03:06,680.0
25.0,2018-06-01 19:30:22,680.0
25.0,2018-01-27 17:29:55,680.0
50.0,2017-02-26 18:32:39,681.0
25.0,2017-07-06 22:52:05,681.0
25.0,2017-08-07 13:47:44,681.0
50.0,2016-10-03 20:24:54,681.0
50.0,2017-12-31 15:51:36,681.0
25.0,2017-03-14 21:38:46,681.0
50.0,2015-06-26 15:05:19,683.0
25.0,2017-10-20 18:12:31,683.0
25.0,2017-09-16 12:01:59,683.0
25.0,2016-02-25 17:19:31,683.0
25.0,2016-04-11 21:00:36,683.0
50.0,2017-08-13 20:40:06,683.0
25.0,2017-12-08 18:53:16,688.0
25.0,2017-08-28 22:54:34,688.0
25.0,2018-02-12 11:06:08,689.0
25.0,2018-05-14 22:16:30,689.0
50.0,2017-10-23 13:35:42,689.0
25.0,2018-05-15 11:27:40,690.0
25.0,2017-02-03 14:18:59,690.0
25.0,2016-12-16 13:29:02,690.0
25.0,2017-05-03 20:06:51,690.0
250.0,2018-04-04 16:44:53,691.0
250.0,2017-11-11 20:59:23,691.0
500.0,2017-07-26 11:15:22,691.0
250.0,2017-12-05 17:50:43,691.0
250.0,2017-11-13 20:38:24,691.0
500.0,2018-02-15 16:58:23,691.0
25.0,2017-11-08 14:59:07,693.0
50.0,2017-12-19 16:35:13,694.0
25.0,2018-01-13 12:20:11,694.0
25.0,2016-02-21 20:21:04,695.0
25.0,2015-08-24 11:20:19,695.0
25.0,2016-02-28 18:37:40,695.0
25.0,2015-11-19 14:50:30,695.0
25.0,2018-04-14 18:52:44,695.0
25.0,2018-04-06 20:18:27,695.0
25.0,2017-12-05 16:20:39,695.0
25.0,2016-02-09 11:07:48,695.0
25.0,2017-10-14 15:29:23,697.0
25.0,2017-04-29 19:05:48,697.0
50.0,2016-06-14 16:42:53,697.0
250.0,2017-04-02 20:31:27,698.0
250.0,2015-02-20 13:36:10,698.0
500.0,2016-02-08 21:41:43,698.0
500.0,2015-08-28 20:56:17,698.0
250.0,2017-08-12 12:19:52,698.0
250.0,2015-08-25 19:57:24,698.0
250.0,2017-10-21 13:57:58,698.0
500.0,2018-03-26 22:38:44,698.0
250.0,2017-12-13 16:25:17,698.0
250.0,2017-03-14 16:14:09,698.0
250.0,2016-10-01 16:22:30,698.0
500.0,2015-12-14 21:34:48,698.0
25.0,2017-09-19 22:19:15,699.0
25.0,2017-07-28 20:27:10,699.0
25.0,2017-04-03 18:32:01,699.0
75.0,2017-11-26 22:07:28,700.0
100.0,2017-10-04 14:58:12,700.0
50.0,2017-09-22 21:38:25,702.0
25.0,2018-04-17 21:07:38,702.0
50.0,2017-09-26 19:44:27,702.0
25.0,2017-04-26 22:57:10,704.0
50.0,2016-12-24 22:48:45,704.0
50.0,2017-12-08 14:48:28,704.0
25.0,2016-04-05 21:54:08,704.0
25.0,2018-02-21 22:03:23,704.0
25.0,2018-01-18 14:09:12,704.0
25.0,2017-10-14 18:42:37,704.0
50.0,2017-01-06 11:54:47,704.0
25.0,2016-05-12 19:08:24,704.0
500.0,2017-02-21 16:43:47,705.0
1000.0,2018-04-17 11:06:45,705.0
500.0,2016-10-13 14:20:21,705.0
500.0,2017-05-18 21:21:34,705.0
250.0,2018-05-24 21:36:39,707.0
50.0,2017-04-08 18:50:06,709.0
500.0,2018-03-26 12:37:05,710.0
1000.0,2018-02-07 13:23:13,711.0
1500.0,2017-04-17 12:33:56,711.0
1500.0,2017-08-13 13:37:39,711.0
1000.0,2016-10-10 17:00:52,711.0
1500.0,2017-12-25 13:47:17,711.0
1500.0,2017-10-02 16:11:16,711.0
250.0,2017-03-25 18:12:47,712.0
100.0,2017-08-17 15:29:42,712.0
100.0,2017-04-04 15:49:30,712.0
100.0,2017-09-24 16:02:09,712.0
25.0,2017-12-01 11:48:53,713.0
25.0,2015-09-25 22:19:29,713.0
25.0,2018-05-15 20:03:36,713.0
25.0,2017-05-07 22:20:22,713.0
50.0,2016-03-04 13:53:55,713.0
25.0,2018-03-04 19:18:40,713.0
25.0,2017-05-29 19:18:50,713.0
50.0,2015-04-16 22:44:17,713.0
25.0,2018-02-05 16:48:24,716.0
100.0,2018-01-05 20:32:58,717.0
100.0,2018-05-02 22:13:23,717.0
250.0,2018-02-09 20:02:01,717.0
25.0,2015-11-28 11:39:31,718.0
25.0,2017-10-17 18:59:10,718.0
25.0,2016-02-05 12:28:45,718.0
25.0,2016-05-02 16:53:31,718.0
25.0,2015-04-30 19:45:14,718.0
25.0,2016-05-16 21:17:33,718.0
50.0,2016-07-23 16:25:03,718.0
25.0,2016-09-08 12:49:15,718.0
500.0,2018-02-22 12:26:16,721.0
250.0,2017-06-20 15:27:56,721.0
250.0,2018-05-25 15:22:15,721.0
500.0,2015-05-10 20:59:22,721.0
250.0,2015-07-08 22:13:34,721.0
250.0,2017-10-07 21:18:41,721.0
250.0,2018-01-28 19:50:08,721.0
500.0,2015-09-29 21:17:45,721.0
250.0,2017-02-21 19:11:58,721.0
250.0,2018-01-22 15:50:27,721.0
250.0,2015-02-24 19:34:13,721.0
250.0,2015-08-03 15:34:00,721.0
25.0,2018-05-25 14:53:31,722.0
25.0,2017-06-05 13:50:37,724.0
25.0,2017-06-01 20:32:42,724.0
250.0,2018-05-16 12:40:34,725.0
250.0,2018-04-06 21:52:19,725.0
25.0,2017-11-04 16:29:59,726.0
25.0,2018-01-24 19:24:51,726.0
25.0,2017-05-01 16:41:45,726.0
25.0,2017-07-25 21:40:39,726.0
25.0,2018-03-25 14:52:55,727.0
1500.0,2018-03-20 17:43:14,730.0
1500.0,2015-12-18 19:27:50,730.0
2000.0,2017-03-21 22:02:49,730.0
1500.0,2016-05-12 15:10:28,730.0
2000.0,2017-10-28 14:20:13,730.0
1500.0,2017-10-17 13:43:09,730.0
2000.0,2016-01-02 12:31:45,730.0
1500.0,2015-07-30 11:58:47,730.0
25.0,2016-07-28 13:30:29,731.0
25.0,2016-02-05 19:45:49,731.0
50.0,2017-08-30 12:30:42,731.0
50.0,2015-06-03 16:41:04,731.0
50.0,2018-04-08 11:23:37,731.0
25.0,2016-12-21 21:41:34,731.0
50.0,2017-08-09 21:08:41,731.0
25.0,2015-02-12 15:32:02,731.0
50.0,2017-01-28 12:09:17,732.0
25.0,2016-02-10 17:00:17,732.0
25.0,2016-11-18 12:38:05,732.0
25.0,2017-09-17 12:24:40,732.0
25.0,2017-06-28 18:23:36,738.0
50.0,2017-11-16 21:54:08,738.0
100.0,2017-01-25 22:36:56,740.0
100.0,2016-12-19 13:34:49,740.0
100.0,2017-03-07 15:29:10,740.0
100.0,2018-02-15 18:56:45,740.0
100.0,2018-06-03 19:05:56,740.0
250.0,2017-11-30 20:45:44,740.0
25.0,2017-11-02 22:54:20,746.0
50.0,2017-07-03 21:26:25,746.0
25.0,2018-03-21 17:49:43,746.0
50.0,2017-10-20 22:20:22,746.0
25.0,2018-05-23 15:12:49,748.0
25.0,2017-11-03 19:02:58,748.0
25.0,2015-09-26 16:11:40,748.0
50.0,2017-12-28 21:33:26,749.0
25.0,2017-10-25 19:43:52,749.0
50.0,2018-02-01 14:03:10,749.0
25.0,2018-05-18 17:51:24,749.0
25.0,2018-04-08 12:14:05,749.0
25.0,2018-04-03 11:03:58,749.0
50.0,2015-11-05 11:31:23,751.0
25.0,2017-03-27 15:33:50,751.0
25.0,2017-09-15 14:25:51,751.0
25.0,2017-06-09 15:01:59,751.0
25.0,2017-06-02 17:20:59,751.0
50.0,2016-12-17 17:16:52,751.0
50.0,2017-09-20 16:46:08,752.0
50.0,2017-10-08 16:48:03,752.0
50.0,2016-12-28 14:30:55,752.0
25.0,2016-01-29 19:43:40,752.0
50.0,2015-11-20 14:06:15,752.0
50.0,2017-08-27 14:28:08,752.0
25.0,2018-03-31 13:10:45,752.0
25.0,2017-01-05 13:44:43,752.0
50.0,2017-01-11 19:18:28,752.0
25.0,2015-12-01 15:24:11,754.0
25.0,2015-06-30 12:08:52,754.0
25.0,2017-05-08 14:01:31,754.0
25.0,2016-08-25 13:36:56,754.0
50.0,2017-07-13 19:57:27,754.0
25.0,2018-03-14 21:11:25,754.0
50.0,2017-12-24 11:42:12,754.0
25.0,2016-09-14 20:15:20,754.0
25.0,2017-05-18 17:17:32,754.0
25.0,2018-03-30 16:39:30,754.0
50.0,2016-03-08 16:39:09,754.0
25.0,2018-02-23 12:38:27,754.0
25.0,2017-12-25 13:17:11,755.0
25.0,2015-06-02 20:38:35,755.0
25.0,2017-04-05 11:43:09,755.0
25.0,2017-04-25 13:23:14,755.0
25.0,2016-01-15 16:57:06,755.0
25.0,2017-01-31 22:19:21,755.0
50.0,2015-07-31 15:02:16,755.0
25.0,2015-06-28 19:00:00,755.0
50.0,2015-09-12 14:21:21,755.0
50.0,2016-09-27 14:03:02,755.0
25.0,2017-11-22 22:27:29,755.0
25.0,2017-11-14 17:38:39,755.0
25.0,2016-03-07 18:26:54,755.0
25.0,2017-12-27 12:12:50,755.0
50.0,2017-06-07 12:43:10,755.0
25.0,2017-10-11 13:44:46,755.0
50.0,2016-03-18 19:49:07,755.0
25.0,2016-04-02 12:05:52,755.0
50.0,2015-08-23 17:19:55,755.0
50.0,2017-02-28 16:51:44,755.0
25.0,2017-09-22 20:47:29,755.0
25.0,2015-06-28 22:07:21,756.0
25.0,2016-09-05 22:53:19,756.0
25.0,2015-11-04 16:15:13,756.0
25.0,2016-02-03 17:33:01,756.0
25.0,2015-05-16 12:14:17,756.0
50.0,2016-08-07 19:26:02,756.0
25.0,2017-03-20 19:26:12,756.0
50.0,2018-04-26 17:39:25,756.0
25.0,2017-12-01 20:19:45,756.0
25.0,2018-04-12 12:47:19,757.0
50.0,2017-07-14 20:08:07,757.0
25.0,2015-12-16 18:31:17,757.0
25.0,2018-02-20 12:12:12,757.0
25.0,2015-10-07 11:41:56,757.0
25.0,2016-05-15 16:12:08,757.0
25.0,2016-08-21 22:53:00,757.0
25.0,2015-08-13 11:43:14,757.0
25.0,2016-02-14 14:01:36,757.0
250.0,2017-08-27 18:25:14,758.0
1500.0,2017-08-21 16:48:33,759.0
1500.0,2017-04-16 14:06:48,759.0
25.0,2016-08-12 21:20:13,762.0
25.0,2015-06-23 13:03:36,762.0
50.0,2015-10-17 13:14:34,762.0
25.0,2016-06-08 14:06:18,762.0
25.0,2018-02-27 15:44:42,763.0
25.0,2015-11-26 17:48:29,763.0
25.0,2015-09-14 15:27:21,763.0
75.0,2018-03-27 20:58:58,768.0
75.0,2017-03-03 21:33:27,768.0
75.0,2017-09-04 21:33:06,770.0
75.0,2018-05-14 19:06:52,770.0
75.0,2016-12-02 18:15:51,770.0
50.0,2018-04-10 17:48:24,770.0
50.0,2016-01-25 12:38:16,770.0
75.0,2017-06-05 14:21:54,770.0
25.0,2017-05-04 20:03:43,772.0
50.0,2017-10-29 12:28:07,772.0
25.0,2017-11-04 20:10:33,774.0
50.0,2017-11-07 21:46:22,774.0
25.0,2016-09-15 18:47:53,774.0
50.0,2017-04-11 22:44:21,774.0
50.0,2016-07-18 18:23:22,774.0
25.0,2015-08-30 13:06:28,774.0
50.0,2015-11-09 14:11:39,774.0
25.0,2016-05-15 22:31:22,774.0
50.0,2017-12-03 15:19:20,776.0
25.0,2018-05-03 15:08:34,777.0
75.0,2017-10-18 11:20:55,778.0
75.0,2017-10-31 21:13:09,778.0
50.0,2018-01-29 15:58:57,780.0
50.0,2018-04-08 15:36:44,781.0
25.0,2017-11-03 18:47:47,781.0
25.0,2017-08-20 19:53:59,781.0
25.0,2017-08-12 22:18:55,781.0
50.0,2018-04-10 11:32:06,782.0
50.0,2017-08-02 13:38:26,782.0
25.0,2016-12-10 21:22:51,782.0
1000.0,2017-08-23 17:35:22,784.0
1000.0,2018-04-25 17:46:59,784.0
500.0,2017-12-03 18:21:18,784.0
50.0,2017-07-15 22:51:46,785.0
50.0,2015-02-17 22:23:51,787.0
50.0,2016-09-21 13:46:20,787.0
50.0,2016-04-24 19:26:45,787.0
50.0,2016-10-03 18:55:45,787.0
50.0,2017-01-18 19:11:00,787.0
75.0,2017-03-25 12:08:43,787.0
75.0,2015-09-22 12:17:45,787.0
50.0,2015-07-06 13:21:25,787.0
25.0,2016-07-07 18:53:59,789.0
25.0,2016-10-21 21:35:58,789.0
50.0,2016-04-28 20:55:30,789.0
25.0,2015-10-24 20:20:28,789.0
25.0,2018-01-13 15:52:49,789.0
25.0,2017-10-14 21:14:55,789.0
25.0,2017-11-05 21:49:24,790.0
25.0,2018-04-08 20:41:24,790.0
50.0,2017-08-27 13:26:58,790.0
25.0,2017-10-01 17:43:15,790.0
25.0,2018-03-02 18:04:29,790.0
25.0,2016-12-26 13:16:43,790.0
50.0,2017-06-10 12:13:33,791.0
50.0,2017-01-27 18:32:29,791.0
25.0,2017-12-16 19:52:06,796.0
25.0,2017-05-31 20:07:09,796.0
50.0,2017-07-03 15:04:39,796.0
50.0,2017-07-28 21:58:31,796.0
500.0,2017-07-20 12:51:32,797.0
500.0,2017-05-19 21:21:36,797.0
75.0,2017-08-12 14:25:36,798.0
25.0,2018-01-19 21:30:57,799.0
25.0,2018-04-12 12:26:29,799.0
25.0,2018-05-06 20:33:45,799.0
25.0,2016-02-19 19:06:57,800.0
25.0,2015-09-24 12:16:49,800.0
25.0,2016-03-03 20:26:29,800.0
25.0,2015-11-27 16:58:53,800.0
25.0,2016-12-02 13:24:09,800.0
50.0,2017-06-14 17:05:46,800.0
50.0,2015-07-28 17:20:27,800.0
25.0,2016-10-24 21:13:59,800.0
25.0,2017-06-25 14:27:41,800.0
1000.0,2017-08-14 17:36:54,801.0
1000.0,2018-03-06 21:35:59,801.0
50.0,2017-06-24 15:42:05,802.0
25.0,2017-10-22 21:52:43,802.0
50.0,2017-12-27 19:35:09,802.0
25.0,2017-10-12 20:22:25,802.0
50.0,2017-06-02 19:34:50,803.0
25.0,2017-09-14 13:12:11,803.0
25.0,2018-02-09 14:01:46,803.0
25.0,2018-01-11 14:14:00,803.0
25.0,2018-01-24 18:59:07,807.0
100.0,2017-11-05 19:41:18,811.0
250.0,2017-08-13 14:48:09,811.0
25.0,2018-06-03 15:55:23,812.0
25.0,2016-01-02 13:14:34,812.0
25.0,2015-06-13 15:51:25,812.0
25.0,2016-03-06 13:45:49,812.0
50.0,2015-06-26 14:20:48,812.0
25.0,2016-09-06 21:57:33,812.0
25.0,2018-03-28 16:44:30,812.0
50.0,2016-09-13 18:08:12,812.0
25.0,2017-02-04 17:10:40,812.0
25.0,2016-01-08 21:56:35,815.0
25.0,2016-02-06 17:40:03,815.0
25.0,2017-04-23 20:53:13,815.0
25.0,2015-10-04 15:22:24,815.0
50.0,2016-09-24 15:55:04,815.0
25.0,2015-12-24 16:06:06,815.0
1500.0,2018-03-31 18:27:00,816.0
250.0,2018-05-08 17:56:09,817.0
250.0,2018-05-27 13:07:16,817.0
50.0,2016-10-03 16:54:41,818.0
50.0,2015-09-20 16:49:40,818.0
25.0,2015-11-08 17:33:27,818.0
25.0,2017-04-25 16:07:19,818.0
25.0,2015-03-17 12:08:52,818.0
25.0,2015-11-23 17:17:14,818.0
50.0,2015-02-28 18:40:47,818.0
50.0,2015-08-18 18:07:37,818.0
50.0,2018-05-29 17:19:58,818.0
25.0,2016-12-25 11:38:29,818.0
25.0,2016-11-05 21:57:25,818.0
25.0,2016-02-07 19:16:46,818.0
500.0,2018-04-06 16:38:13,819.0
500.0,2018-06-01 13:10:53,819.0
75.0,2017-06-30 13:48:20,821.0
75.0,2017-12-15 17:53:32,821.0
75.0,2018-05-13 12:34:31,821.0
75.0,2017-03-20 12:51:08,821.0
75.0,2017-04-21 16:43:49,821.0
75.0,2016-04-03 19:26:46,821.0
25.0,2016-10-23 17:12:18,825.0
25.0,2017-08-02 17:29:29,825.0
25.0,2018-05-14 11:15:22,825.0
50.0,2018-05-26 22:54:50,825.0
25.0,2018-02-24 22:15:45,827.0
25.0,2017-03-07 22:25:50,827.0
50.0,2016-04-28 20:27:38,827.0
50.0,2017-02-16 20:55:34,827.0
25.0,2016-01-16 16:04:50,827.0
50.0,2016-07-09 13:40:08,827.0
25.0,2016-12-18 13:05:17,827.0
25.0,2017-09-28 18:28:16,827.0
25.0,2016-03-15 15:05:11,827.0
250.0,2016-03-13 16:30:00,829.0
500.0,2018-03-06 20:00:53,829.0
250.0,2016-03-20 17:51:47,829.0
250.0,2016-10-21 12:16:52,831.0
100.0,2016-03-04 13:24:10,831.0
100.0,2017-01-14 17:37:08,831.0
100.0,2015-06-03 22:06:18,831.0
50.0,2016-05-16 11:27:42,832.0
25.0,2017-09-15 19:06:44,832.0
50.0,2017-03-25 13:30:24,832.0
25.0,2016-07-28 15:37:53,832.0
25.0,2018-04-01 22:44:11,832.0
25.0,2015-12-06 15:45:19,832.0
25.0,2015-03-15 16:47:51,832.0
50.0,2015-04-09 17:43:48,832.0
25.0,2018-02-21 18:21:59,833.0
25.0,2017-05-29 15:20:04,833.0
25.0,2016-09-12 22:24:18,833.0
25.0,2017-09-16 19:35:44,833.0
25.0,2016-12-15 15:16:22,833.0
50.0,2017-04-01 11:56:08,833.0
25.0,2017-07-11 15:30:03,835.0
50.0,2017-07-14 11:22:04,835.0
25.0,2017-04-17 16:54:30,835.0
25.0,2017-06-28 17:35:38,835.0
75.0,2017-09-09 12:21:41,837.0
75.0,2017-03-06 15:40:46,837.0
75.0,2018-03-04 13:34:33,837.0
500.0,2017-01-10 15:59:21,838.0
500.0,2016-06-02 14:50:27,838.0
250.0,2015-12-25 20:30:52,838.0
250.0,2015-09-08 16:44:42,838.0
250.0,2016-03-13 18:51:39,838.0
250.0,2016-03-29 18:50:58,838.0
500.0,2016-11-20 18:38:31,838.0
250.0,2016-05-09 22:21:20,838.0
25.0,2018-02-09 14:02:00,840.0
25.0,2017-12-06 18:12:20,840.0
25.0,2017-08-18 22:49:25,844.0
25.0,2017-07-31 12:05:16,849.0
25.0,2017-01-27 17:04:53,849.0
25.0,2018-05-28 18:47:42,849.0
25.0,2016-11-28 13:14:10,849.0
25.0,2018-04-19 22:00:34,849.0
25.0,2016-09-27 14:00:03,849.0
25.0,2017-02-06 22:50:14,849.0
25.0,2018-02-06 14:12:26,849.0
25.0,2017-10-15 14:29:16,849.0
50.0,2016-03-24 21:03:52,849.0
50.0,2017-12-04 15:58:23,850.0
25.0,2017-02-20 14:03:24,850.0
25.0,2017-11-14 16:53:17,850.0
50.0,2018-02-17 12:32:15,854.0
50.0,2017-08-30 16:11:46,854.0
25.0,2018-03-21 20:00:22,854.0
50.0,2018-03-24 20:41:58,855.0
25.0,2018-03-30 17:58:58,855.0
25.0,2018-03-18 18:19:15,855.0
50.0,2018-02-01 19:49:06,855.0
25.0,2018-02-12 19:37:29,855.0
50.0,2018-01-01 15:24:06,855.0
50.0,2018-05-06 12:36:11,855.0
500.0,2017-08-14 20:28:20,859.0
500.0,2018-04-01 20:21:11,859.0
500.0,2017-08-21 16:49:05,859.0
1000.0,2017-07-23 14:09:00,859.0
500.0,2018-03-18 17:27:08,859.0
75.0,2018-04-25 14:10:41,861.0
75.0,2018-03-25 15:31:24,861.0
75.0,2017-05-09 20:50:41,861.0
75.0,2016-10-22 14:26:45,861.0
75.0,2018-02-01 17:18:29,861.0
100.0,2017-07-18 16:43:26,861.0
75.0,2017-05-24 17:01:11,861.0
100.0,2017-01-27 22:58:46,861.0
1500.0,2018-03-07 16:13:59,862.0
1500.0,2017-11-25 17:33:17,862.0
2000.0,2017-10-17 12:21:26,862.0
2000.0,2017-10-02 14:01:00,862.0
1500.0,2018-03-06 22:18:27,862.0
25.0,2017-10-16 12:03:56,863.0
25.0,2017-06-26 11:16:30,863.0
50.0,2017-10-21 14:45:31,863.0
25.0,2018-05-02 16:17:44,864.0
25.0,2017-07-04 21:58:28,864.0
75.0,2015-10-28 11:45:07,865.0
75.0,2017-02-06 16:01:46,865.0
75.0,2016-09-24 17:52:42,865.0
75.0,2015-09-08 14:33:42,865.0
75.0,2015-07-26 16:29:52,865.0
100.0,2016-11-29 13:07:19,865.0
100.0,2017-01-08 19:18:54,865.0
75.0,2018-02-26 20:47:04,865.0
75.0,2017-04-29 13:22:25,867.0
50.0,2017-03-15 19:19:39,867.0
500.0,2017-12-24 14:43:20,868.0
500.0,2017-08-16 11:25:08,868.0
50.0,2018-01-09 20:39:44,869.0
25.0,2017-10-16 17:57:22,869.0
25.0,2017-12-11 20:22:12,869.0
25.0,2015-04-23 21:28:25,870.0
25.0,2016-07-25 20:16:15,870.0
25.0,2018-01-29 11:12:20,870.0
25.0,2015-06-13 17:55:37,870.0
25.0,2017-10-29 18:55:29,873.0
25.0,2017-07-18 22:50:31,873.0
25.0,2018-03-12 21:34:20,876.0
1000.0,2017-06-06 14:30:41,877.0
1000.0,2017-09-04 11:02:37,877.0
1000.0,2017-12-08 22:36:28,877.0
100.0,2017-01-13 16:38:10,879.0
100.0,2016-10-18 16:19:41,879.0
100.0,2018-03-25 21:55:03,879.0
100.0,2018-01-19 19:14:33,879.0
100.0,2017-07-04 21:13:48,879.0
100.0,2016-12-08 22:08:55,879.0
250.0,2017-08-25 21:45:29,879.0
100.0,2017-11-13 18:54:35,879.0
100.0,2017-06-06 14:30:26,879.0
100.0,2017-06-01 12:44:43,879.0
500.0,2017-10-08 13:44:09,884.0
250.0,2017-10-21 12:43:34,884.0
25.0,2017-11-27 21:32:07,885.0
25.0,2016-07-19 12:24:21,885.0
50.0,2017-11-14 22:30:07,885.0
50.0,2018-02-07 18:26:27,885.0
25.0,2017-11-24 15:13:51,886.0
25.0,2017-01-26 12:12:53,886.0
1500.0,2015-04-04 14:18:14,887.0
1500.0,2015-02-11 12:13:21,887.0
1500.0,2017-12-31 20:15:30,887.0
1500.0,2016-12-15 19:05:10,887.0
250.0,2017-10-30 21:04:22,888.0
250.0,2018-01-25 13:45:46,888.0
250.0,2016-11-04 18:21:28,890.0
500.0,2018-01-18 22:45:10,890.0
250.0,2018-01-03 11:00:31,890.0
25.0,2018-02-23 13:36:57,892.0
25.0,2017-09-20 19:41:57,892.0
25.0,2017-11-22 13:11:18,892.0
25.0,2017-06-12 14:54:07,892.0
50.0,2017-03-29 14:05:35,892.0
25.0,2017-02-03 11:22:55,892.0
25.0,2016-10-17 12:32:35,892.0
50.0,2018-01-23 18:56:41,892.0
25.0,2017-09-08 20:33:30,892.0
25.0,2018-04-28 19:41:45,892.0
25.0,2016-10-14 19:19:42,892.0
25.0,2017-09-28 16:45:09,892.0
500.0,2017-11-22 15:39:31,893.0
500.0,2017-10-09 19:21:09,893.0
500.0,2016-07-04 12:26:45,893.0
1000.0,2016-11-03 14:16:13,893.0
1000.0,2018-04-27 16:17:56,893.0
500.0,2016-12-06 21:05:26,893.0
1000.0,2016-10-22 12:11:47,893.0
500.0,2018-04-11 19:42:19,893.0
75.0,2017-12-05 22:42:41,895.0
75.0,2018-01-17 20:10:44,895.0
75.0,2017-09-17 21:07:58,896.0
75.0,2018-04-08 17:59:57,896.0
75.0,2018-03-20 22:17:38,896.0
50.0,2016-06-28 14:29:30,897.0
50.0,2018-03-14 17:56:46,897.0
50.0,2017-03-11 19:16:25,897.0
25.0,2017-10-26 18:45:21,897.0
25.0,2018-03-11 17:54:54,900.0
50.0,2018-02-10 17:23:16,900.0
50.0,2018-02-24 18:45:12,900.0
500.0,2016-03-23 12:28:42,903.0
500.0,2018-02-16 22:55:10,903.0
25.0,2018-05-24 18:43:21,904.0
25.0,2018-06-02 15:25:18,904.0
25.0,2018-02-05 19:46:14,904.0
25.0,2018-01-07 15:02:50,907.0
1000.0,2018-02-11 20:28:24,908.0
500.0,2018-02-14 11:28:37,908.0
25.0,2018-02-12 17:19:29,910.0
25.0,2018-05-30 16:15:56,910.0
25.0,2017-02-14 13:24:59,911.0
25.0,2016-04-30 20:32:12,911.0
25.0,2017-09-06 18:22:02,911.0
25.0,2017-01-05 14:19:38,911.0
50.0,2018-05-06 17:37:50,911.0
25.0,2016-06-09 22:02:56,911.0
25.0,2016-06-26 14:07:24,911.0
50.0,2018-01-20 17:05:03,911.0
25.0,2015-12-24 22:25:04,911.0
75.0,2018-03-29 20:58:43,915.0
100.0,2018-03-12 21:18:05,915.0
100.0,2016-06-09 13:47:59,917.0
250.0,2017-06-23 17:04:05,917.0
100.0,2016-03-13 18:03:27,917.0
100.0,2016-02-22 16:47:42,917.0
1000.0,2017-02-03 16:55:05,918.0
1000.0,2018-04-19 17:58:58,918.0
1500.0,2016-05-25 16:14:27,918.0
1500.0,2018-05-12 13:48:46,918.0
1000.0,2018-05-04 22:06:19,918.0
1500.0,2017-08-27 17:15:26,918.0
50.0,2017-03-21 12:47:27,922.0
25.0,2017-05-03 15:46:51,922.0
25.0,2017-10-06 12:25:49,923.0
25.0,2018-01-23 22:42:20,923.0
50.0,2017-06-30 18:17:45,923.0
250.0,2018-01-03 11:10:31,924.0
50.0,2018-01-09 18:16:40,926.0
50.0,2017-12-04 19:16:44,926.0
50.0,2016-09-22 19:43:52,926.0
1000.0,2017-06-10 18:34:33,927.0
500.0,2018-03-14 18:36:49,927.0
50.0,2016-02-02 20:04:36,928.0
50.0,2015-07-31 15:53:05,928.0
25.0,2017-10-28 18:40:52,928.0
25.0,2018-03-07 14:58:28,928.0
25.0,2016-12-21 20:00:50,928.0
25.0,2015-10-26 14:32:36,928.0
50.0,2016-02-03 12:13:48,928.0
50.0,2015-08-12 19:11:10,928.0
25.0,2017-09-03 14:08:51,929.0
25.0,2018-05-19 19:55:55,931.0
25.0,2018-05-10 18:40:07,931.0
25.0,2016-12-29 16:36:14,931.0
25.0,2017-01-17 22:01:29,931.0
25.0,2015-06-01 17:17:14,931.0
25.0,2017-10-12 13:33:45,931.0
25.0,2015-07-16 19:25:49,931.0
25.0,2015-02-15 21:04:36,931.0
50.0,2018-03-17 19:48:58,932.0
50.0,2018-02-03 14:01:32,932.0
25.0,2018-04-30 12:57:57,932.0
25.0,2017-05-03 13:32:42,934.0
25.0,2017-10-01 22:24:57,934.0
100.0,2017-12-23 14:01:16,936.0
25.0,2017-07-29 18:24:14,937.0
50.0,2018-02-04 14:07:56,937.0
25.0,2017-04-20 12:30:58,937.0
25.0,2018-04-24 17:38:48,940.0
50.0,2016-01-24 14:08:18,940.0
50.0,2015-08-15 11:28:55,940.0
25.0,2017-08-28 19:46:03,940.0
50.0,2016-06-25 15:14:48,940.0
50.0,2017-09-17 14:05:47,940.0
50.0,2018-01-22 19:17:21,940.0
25.0,2018-01-20 19:00:30,940.0
50.0,2016-04-29 11:33:26,940.0
75.0,2017-08-29 16:56:19,941.0
75.0,2018-02-01 11:47:24,941.0
75.0,2018-04-25 21:18:23,941.0
25.0,2017-09-10 22:02:18,942.0
25.0,2017-08-15 15:56:40,942.0
50.0,2017-08-13 16:14:33,942.0
25.0,2017-08-23 20:22:13,942.0
25.0,2018-05-08 18:14:06,942.0
50.0,2017-07-23 12:43:16,944.0
50.0,2017-08-20 16:14:42,944.0
50.0,2017-10-03 11:52:32,944.0
1500.0,2017-08-21 16:32:00,945.0
1500.0,2018-02-19 18:04:37,945.0
250.0,2018-04-02 13:45:18,946.0
250.0,2018-02-23 13:08:27,946.0
500.0,2016-08-02 17:57:21,946.0
500.0,2017-06-22 13:50:34,946.0
250.0,2015-07-12 14:19:17,946.0
250.0,2017-07-08 22:13:42,946.0
25.0,2018-02-05 17:14:19,948.0
1000.0,2017-09-06 20:19:27,949.0
1000.0,2017-12-11 11:52:19,949.0
1000.0,2017-11-03 19:17:58,949.0
250.0,2017-01-05 12:13:30,950.0
250.0,2015-06-18 22:40:08,950.0
500.0,2015-05-29 22:06:56,950.0
25.0,2018-04-25 20:31:39,951.0
50.0,2018-04-08 17:55:13,951.0
25.0,2017-11-10 18:18:52,951.0
25.0,2017-12-05 16:48:40,951.0
50.0,2018-03-18 19:32:12,952.0
50.0,2018-02-19 15:51:46,952.0
50.0,2018-05-26 20:42:26,952.0
50.0,2018-04-16 11:11:07,952.0
25.0,2017-11-26 20:10:42,953.0
25.0,2017-03-19 11:47:37,953.0
25.0,2017-07-13 15:00:07,953.0
25.0,2017-03-02 11:58:33,953.0
25.0,2017-05-27 18:06:13,953.0
25.0,2018-02-24 20:54:07,953.0
25.0,2016-09-17 14:04:10,953.0
25.0,2016-09-14 13:33:44,953.0
50.0,2016-10-12 18:50:30,953.0
25.0,2017-05-20 16:47:01,953.0
25.0,2016-02-26 12:28:16,953.0
50.0,2018-02-28 22:29:48,953.0
50.0,2017-05-17 21:06:11,954.0
25.0,2017-09-21 17:06:53,954.0
50.0,2017-08-01 11:38:20,954.0
100.0,2017-06-16 20:42:02,955.0
250.0,2017-10-31 22:59:46,955.0
100.0,2018-05-12 19:08:09,955.0
100.0,2016-11-17 14:27:52,955.0
100.0,2016-10-15 13:40:12,955.0
100.0,2018-05-10 18:59:43,955.0
25.0,2017-08-27 20:06:01,956.0
25.0,2017-11-24 17:45:57,956.0
50.0,2018-04-13 19:57:35,956.0
50.0,2016-12-25 16:46:40,956.0
25.0,2017-07-27 14:41:24,956.0
25.0,2017-09-25 12:43:20,956.0
25.0,2017-04-08 18:05:36,956.0
50.0,2018-05-15 20:47:52,956.0
25.0,2017-09-15 18:35:49,957.0
50.0,2017-02-27 14:56:18,958.0
50.0,2017-02-09 22:03:40,958.0
25.0,2017-10-18 15:49:10,959.0
25.0,2015-12-25 22:22:03,959.0
25.0,2015-02-18 13:43:37,959.0
25.0,2017-09-13 14:05:03,959.0
25.0,2018-04-09 21:09:30,959.0
50.0,2018-05-03 13:18:29,959.0
25.0,2018-04-11 22:24:29,959.0
25.0,2016-05-09 19:35:10,959.0
25.0,2016-04-21 19:24:58,959.0
25.0,2017-05-06 12:51:53,959.0
50.0,2018-02-28 11:25:01,959.0
25.0,2015-06-06 14:17:20,959.0
25.0,2018-05-29 17:09:26,960.0
25.0,2016-11-28 17:31:02,962.0
50.0,2017-02-22 13:15:24,962.0
25.0,2018-03-13 15:33:43,962.0
25.0,2017-03-18 15:47:05,962.0
25.0,2015-09-28 13:36:43,962.0
25.0,2016-02-08 13:11:22,962.0
25.0,2016-07-14 11:09:04,963.0
50.0,2017-08-20 15:48:05,963.0
25.0,2017-04-08 13:06:12,963.0
50.0,2018-04-17 16:50:29,963.0
25.0,2017-05-14 17:59:03,963.0
25.0,2016-07-11 11:50:24,963.0
50.0,2017-08-15 13:23:47,963.0
50.0,2017-08-10 20:07:42,963.0
25.0,2016-04-10 15:18:50,963.0
25.0,2016-10-20 12:35:31,963.0
25.0,2016-01-04 18:06:47,963.0
25.0,2016-11-05 19:10:22,963.0
25.0,2018-01-18 14:06:22,963.0
25.0,2016-06-20 18:44:47,963.0
50.0,2017-04-18 20:47:49,963.0
25.0,2016-01-12 17:46:44,963.0
25.0,2015-12-13 15:14:25,963.0
25.0,2016-04-24 20:55:44,963.0
50.0,2016-06-10 17:13:38,963.0
25.0,2017-11-21 20:09:27,963.0
25.0,2016-08-08 16:48:04,963.0
25.0,2017-10-17 16:26:03,964.0
25.0,2018-04-27 19:14:54,964.0
50.0,2018-01-20 14:06:24,965.0
25.0,2017-12-13 14:04:30,966.0
50.0,2017-12-17 21:27:05,966.0
50.0,2017-12-13 21:28:27,966.0
25.0,2015-05-23 16:15:14,968.0
25.0,2017-12-10 19:17:11,968.0
50.0,2016-11-03 19:54:48,968.0
25.0,2017-09-26 15:03:09,969.0
50.0,2018-04-15 12:52:21,969.0
50.0,2017-12-22 20:40:59,969.0
50.0,2017-04-04 15:08:46,970.0
25.0,2017-02-09 14:40:48,970.0
50.0,2018-01-23 19:04:16,970.0
25.0,2018-02-11 20:40:21,970.0
25.0,2018-05-09 11:13:54,970.0
25.0,2017-06-04 19:02:18,970.0
75.0,2016-09-30 19:26:34,971.0
50.0,2016-08-18 11:23:55,971.0
50.0,2018-05-09 19:30:20,971.0
25.0,2018-05-20 19:07:47,972.0
25.0,2018-03-02 19:46:38,974.0
25.0,2016-11-07 21:07:41,974.0
25.0,2017-09-04 15:23:27,974.0
25.0,2017-12-06 16:51:40,974.0
25.0,2017-08-11 16:17:28,974.0
25.0,2017-01-09 17:32:08,974.0
25.0,2016-06-22 22:14:56,975.0
25.0,2017-10-17 19:05:18,975.0
25.0,2015-02-11 19:55:52,975.0
25.0,2018-02-21 14:16:51,975.0
25.0,2017-09-16 17:07:34,975.0
25.0,2018-02-18 22:02:06,975.0
25.0,2016-09-02 13:40:05,975.0
25.0,2015-08-08 22:45:29,975.0
25.0,2016-12-03 18:34:50,976.0
25.0,2016-04-12 20:12:13,976.0
25.0,2018-04-28 15:10:46,976.0
25.0,2017-03-21 17:26:54,976.0
25.0,2015-06-25 20:45:16,976.0
25.0,2016-01-09 19:54:12,976.0
25.0,2017-07-25 20:52:01,976.0
25.0,2015-04-30 11:38:29,976.0
50.0,2016-04-10 13:22:05,979.0
25.0,2017-04-26 16:55:18,979.0
50.0,2017-04-24 20:33:42,979.0
25.0,2015-07-03 11:15:21,979.0
25.0,2017-09-10 22:45:58,979.0
25.0,2015-08-13 20:03:09,979.0
50.0,2018-01-18 14:30:23,980.0
75.0,2017-05-27 22:02:08,982.0
50.0,2016-12-12 12:37:42,982.0
50.0,2016-12-09 13:01:49,982.0
50.0,2017-09-02 12:55:11,982.0
1500.0,2017-06-16 22:23:53,984.0
1000.0,2018-05-15 13:48:07,984.0
25.0,2018-05-07 17:06:09,985.0
25.0,2017-11-19 21:05:30,985.0
25.0,2018-03-22 17:56:34,985.0
50.0,2016-10-02 19:07:53,985.0
50.0,2018-05-09 19:42:37,985.0
25.0,2017-03-09 16:56:09,985.0
25.0,2017-03-23 22:59:07,986.0
25.0,2017-06-14 18:07:52,986.0
25.0,2017-10-04 16:09:05,986.0
50.0,2017-01-28 22:52:59,987.0
25.0,2018-03-29 21:18:32,987.0
25.0,2018-03-18 14:52:44,988.0
25.0,2017-08-19 22:44:12,988.0
25.0,2017-05-06 12:31:31,988.0
50.0,2017-05-23 19:00:57,988.0
25.0,2017-06-27 12:42:51,988.0
25.0,2017-10-18 20:43:02,988.0
25.0,2016-11-12 19:07:12,989.0
25.0,2018-03-06 18:54:43,989.0
25.0,2018-02-07 15:09:02,992.0
25.0,2018-01-24 15:06:05,992.0
50.0,2018-05-22 21:50:21,995.0
50.0,2017-09-23 20:14:17,995.0
50.0,2017-09-27 17:17:38,995.0
50.0,2017-09-20 21:32:31,995.0
25.0,2018-03-26 17:59:14,996.0
50.0,2018-06-01 15:49:22,996.0
25.0,2018-02-21 15:14:14,996.0
1500.0,2016-07-08 13:43:56,997.0
1500.0,2015-05-04 17:15:59,997.0
1500.0,2015-04-23 17:19:35,997.0
25.0,2017-03-27 11:39:56,998.0
25.0,2016-08-26 16:45:20,998.0
25.0,2018-02-19 14:54:13,998.0
50.0,2017-06-13 20:09:14,998.0
50.0,2016-08-05 17:18:38,998.0
50.0,2018-03-06 18:57:53,998.0
25.0,2017-11-09 16:42:15,998.0
50.0,2017-12-02 15:57:43,998.0
