member,week,emailsOpened
0.0,2015-04-12 00:00:00,1.0
0.0,2015-06-07 00:00:00,1.0
0.0,2015-07-26 00:00:00,1.0
0.0,2015-08-02 00:00:00,1.0
0.0,2015-10-04 00:00:00,1.0
0.0,2015-11-15 00:00:00,1.0
0.0,2015-11-22 00:00:00,1.0
0.0,2015-12-06 00:00:00,1.0
0.0,2015-12-13 00:00:00,1.0
0.0,2016-01-03 00:00:00,1.0
0.0,2016-02-21 00:00:00,1.0
0.0,2016-03-06 00:00:00,2.0
0.0,2016-03-13 00:00:00,1.0
0.0,2016-05-22 00:00:00,1.0
0.0,2016-05-29 00:00:00,1.0
0.0,2016-08-14 00:00:00,2.0
0.0,2016-09-11 00:00:00,1.0
0.0,2016-10-09 00:00:00,1.0
0.0,2016-11-13 00:00:00,1.0
0.0,2016-11-20 00:00:00,1.0
0.0,2016-11-27 00:00:00,1.0
0.0,2016-12-04 00:00:00,2.0
0.0,2017-02-12 00:00:00,1.0
0.0,2017-03-12 00:00:00,1.0
0.0,2017-03-26 00:00:00,1.0
0.0,2017-05-14 00:00:00,1.0
0.0,2017-06-25 00:00:00,1.0
0.0,2017-07-16 00:00:00,1.0
0.0,2017-12-31 00:00:00,1.0
0.0,2018-01-14 00:00:00,1.0
0.0,2018-04-22 00:00:00,1.0
3.0,2018-05-20 00:00:00,2.0
3.0,2018-05-27 00:00:00,1.0
4.0,2015-08-16 00:00:00,3.0
4.0,2015-08-23 00:00:00,3.0
4.0,2015-08-30 00:00:00,1.0
4.0,2015-09-27 00:00:00,3.0
4.0,2015-10-04 00:00:00,3.0
4.0,2015-10-25 00:00:00,2.0
4.0,2015-11-08 00:00:00,1.0
4.0,2015-11-22 00:00:00,3.0
4.0,2015-11-29 00:00:00,2.0
4.0,2015-12-20 00:00:00,3.0
4.0,2015-12-27 00:00:00,3.0
4.0,2016-01-03 00:00:00,1.0
4.0,2016-01-10 00:00:00,1.0
4.0,2016-01-24 00:00:00,1.0
4.0,2016-02-07 00:00:00,1.0
4.0,2016-02-14 00:00:00,3.0
4.0,2016-02-21 00:00:00,3.0
4.0,2016-03-06 00:00:00,1.0
4.0,2016-03-13 00:00:00,3.0
4.0,2016-03-20 00:00:00,1.0
4.0,2016-03-27 00:00:00,2.0
4.0,2016-04-03 00:00:00,1.0
4.0,2016-04-17 00:00:00,2.0
4.0,2016-05-15 00:00:00,3.0
4.0,2016-05-22 00:00:00,2.0
4.0,2016-05-29 00:00:00,1.0
4.0,2016-06-19 00:00:00,1.0
4.0,2016-07-10 00:00:00,1.0
4.0,2016-07-24 00:00:00,2.0
4.0,2016-07-31 00:00:00,1.0
4.0,2016-08-07 00:00:00,2.0
4.0,2016-08-14 00:00:00,2.0
4.0,2016-08-28 00:00:00,1.0
4.0,2016-09-04 00:00:00,2.0
4.0,2016-09-11 00:00:00,1.0
4.0,2016-09-18 00:00:00,2.0
4.0,2016-10-09 00:00:00,2.0
4.0,2016-10-16 00:00:00,1.0
4.0,2016-10-23 00:00:00,2.0
4.0,2016-10-30 00:00:00,1.0
4.0,2016-11-06 00:00:00,2.0
4.0,2016-11-13 00:00:00,3.0
4.0,2016-12-04 00:00:00,1.0
4.0,2016-12-11 00:00:00,2.0
4.0,2017-01-01 00:00:00,3.0
4.0,2017-01-08 00:00:00,3.0
4.0,2017-01-15 00:00:00,2.0
4.0,2017-01-22 00:00:00,1.0
4.0,2017-02-05 00:00:00,1.0
4.0,2017-02-12 00:00:00,3.0
4.0,2017-02-19 00:00:00,3.0
4.0,2017-02-26 00:00:00,3.0
4.0,2017-03-05 00:00:00,2.0
4.0,2017-03-12 00:00:00,2.0
4.0,2017-03-19 00:00:00,2.0
4.0,2017-04-09 00:00:00,1.0
4.0,2017-04-23 00:00:00,3.0
4.0,2017-04-30 00:00:00,3.0
4.0,2017-05-21 00:00:00,1.0
4.0,2017-06-04 00:00:00,2.0
4.0,2017-06-25 00:00:00,1.0
4.0,2017-07-02 00:00:00,3.0
4.0,2017-07-09 00:00:00,3.0
4.0,2017-07-16 00:00:00,2.0
4.0,2017-07-23 00:00:00,3.0
4.0,2017-08-06 00:00:00,2.0
4.0,2017-08-13 00:00:00,1.0
4.0,2017-08-20 00:00:00,1.0
4.0,2017-09-24 00:00:00,1.0
4.0,2017-10-01 00:00:00,3.0
4.0,2017-10-08 00:00:00,3.0
4.0,2017-10-15 00:00:00,1.0
4.0,2017-10-29 00:00:00,1.0
4.0,2017-11-05 00:00:00,1.0
4.0,2017-11-12 00:00:00,1.0
4.0,2017-11-19 00:00:00,2.0
4.0,2017-11-26 00:00:00,1.0
4.0,2017-12-03 00:00:00,2.0
4.0,2017-12-10 00:00:00,2.0
4.0,2017-12-17 00:00:00,2.0
4.0,2017-12-24 00:00:00,2.0
4.0,2017-12-31 00:00:00,2.0
4.0,2018-01-14 00:00:00,2.0
4.0,2018-01-21 00:00:00,2.0
4.0,2018-01-28 00:00:00,3.0
4.0,2018-02-04 00:00:00,3.0
4.0,2018-02-25 00:00:00,1.0
4.0,2018-03-04 00:00:00,2.0
4.0,2018-03-11 00:00:00,3.0
4.0,2018-03-18 00:00:00,3.0
4.0,2018-04-08 00:00:00,2.0
4.0,2018-04-15 00:00:00,2.0
4.0,2018-04-22 00:00:00,2.0
4.0,2018-04-29 00:00:00,3.0
4.0,2018-05-06 00:00:00,1.0
4.0,2018-05-13 00:00:00,3.0
4.0,2018-05-20 00:00:00,3.0
4.0,2018-05-27 00:00:00,1.0
5.0,2017-08-20 00:00:00,2.0
5.0,2017-08-27 00:00:00,3.0
5.0,2017-09-03 00:00:00,3.0
5.0,2017-09-10 00:00:00,2.0
5.0,2017-09-17 00:00:00,3.0
5.0,2017-09-24 00:00:00,2.0
5.0,2017-10-01 00:00:00,1.0
5.0,2017-10-08 00:00:00,3.0
5.0,2017-10-15 00:00:00,2.0
5.0,2017-10-22 00:00:00,3.0
5.0,2017-10-29 00:00:00,2.0
5.0,2017-11-05 00:00:00,3.0
5.0,2017-11-12 00:00:00,2.0
5.0,2017-11-19 00:00:00,1.0
5.0,2017-11-26 00:00:00,1.0
5.0,2017-12-03 00:00:00,3.0
5.0,2017-12-10 00:00:00,3.0
5.0,2017-12-17 00:00:00,1.0
5.0,2017-12-24 00:00:00,1.0
5.0,2017-12-31 00:00:00,3.0
5.0,2018-01-07 00:00:00,2.0
5.0,2018-01-14 00:00:00,1.0
5.0,2018-01-21 00:00:00,2.0
5.0,2018-01-28 00:00:00,2.0
5.0,2018-02-04 00:00:00,3.0
5.0,2018-02-11 00:00:00,2.0
5.0,2018-02-18 00:00:00,3.0
5.0,2018-02-25 00:00:00,1.0
5.0,2018-03-04 00:00:00,2.0
5.0,2018-03-11 00:00:00,2.0
5.0,2018-03-18 00:00:00,2.0
5.0,2018-03-25 00:00:00,2.0
5.0,2018-04-01 00:00:00,3.0
5.0,2018-04-08 00:00:00,3.0
5.0,2018-04-15 00:00:00,3.0
5.0,2018-04-22 00:00:00,2.0
5.0,2018-04-29 00:00:00,2.0
5.0,2018-05-06 00:00:00,1.0
5.0,2018-05-13 00:00:00,1.0
5.0,2018-05-20 00:00:00,1.0
5.0,2018-05-27 00:00:00,2.0
11.0,2015-07-12 00:00:00,1.0
11.0,2015-07-19 00:00:00,1.0
11.0,2015-07-26 00:00:00,1.0
11.0,2015-08-02 00:00:00,1.0
11.0,2015-08-23 00:00:00,2.0
11.0,2015-08-30 00:00:00,1.0
11.0,2015-09-13 00:00:00,2.0
11.0,2015-10-04 00:00:00,3.0
11.0,2015-10-11 00:00:00,3.0
11.0,2015-10-18 00:00:00,1.0
11.0,2015-11-22 00:00:00,1.0
11.0,2015-12-06 00:00:00,1.0
11.0,2015-12-13 00:00:00,2.0
11.0,2015-12-20 00:00:00,3.0
11.0,2016-01-03 00:00:00,3.0
11.0,2016-01-10 00:00:00,3.0
11.0,2016-01-17 00:00:00,3.0
11.0,2016-02-07 00:00:00,2.0
11.0,2016-03-20 00:00:00,1.0
11.0,2016-03-27 00:00:00,1.0
11.0,2016-04-10 00:00:00,1.0
11.0,2016-04-17 00:00:00,2.0
11.0,2016-04-24 00:00:00,1.0
11.0,2016-05-01 00:00:00,3.0
11.0,2016-05-08 00:00:00,3.0
11.0,2016-05-22 00:00:00,2.0
11.0,2016-05-29 00:00:00,1.0
11.0,2016-06-12 00:00:00,3.0
11.0,2016-06-19 00:00:00,2.0
11.0,2016-07-03 00:00:00,1.0
11.0,2016-07-10 00:00:00,3.0
11.0,2016-07-17 00:00:00,2.0
11.0,2016-07-24 00:00:00,1.0
11.0,2016-07-31 00:00:00,2.0
11.0,2016-08-07 00:00:00,1.0
11.0,2016-08-14 00:00:00,1.0
11.0,2016-08-21 00:00:00,1.0
11.0,2016-08-28 00:00:00,2.0
11.0,2016-09-04 00:00:00,1.0
11.0,2016-09-11 00:00:00,1.0
11.0,2016-09-18 00:00:00,2.0
11.0,2016-09-25 00:00:00,1.0
11.0,2016-10-02 00:00:00,3.0
11.0,2016-10-30 00:00:00,2.0
11.0,2016-11-13 00:00:00,1.0
11.0,2016-11-20 00:00:00,1.0
11.0,2016-12-11 00:00:00,2.0
11.0,2016-12-25 00:00:00,1.0
11.0,2017-01-01 00:00:00,1.0
11.0,2017-01-22 00:00:00,2.0
11.0,2017-02-05 00:00:00,1.0
11.0,2017-02-12 00:00:00,3.0
11.0,2017-02-26 00:00:00,3.0
11.0,2017-03-05 00:00:00,3.0
11.0,2017-03-12 00:00:00,3.0
11.0,2017-03-19 00:00:00,1.0
11.0,2017-04-02 00:00:00,1.0
11.0,2017-04-09 00:00:00,2.0
11.0,2017-04-16 00:00:00,2.0
11.0,2017-04-30 00:00:00,1.0
11.0,2017-05-07 00:00:00,1.0
11.0,2017-05-14 00:00:00,1.0
11.0,2017-05-28 00:00:00,3.0
11.0,2017-06-04 00:00:00,3.0
11.0,2017-06-18 00:00:00,2.0
11.0,2017-07-02 00:00:00,2.0
11.0,2017-07-09 00:00:00,3.0
11.0,2017-07-16 00:00:00,2.0
11.0,2017-08-20 00:00:00,3.0
11.0,2017-08-27 00:00:00,2.0
11.0,2017-09-17 00:00:00,1.0
11.0,2017-09-24 00:00:00,3.0
11.0,2017-10-01 00:00:00,1.0
11.0,2017-10-08 00:00:00,1.0
11.0,2017-10-15 00:00:00,3.0
11.0,2017-10-22 00:00:00,1.0
11.0,2017-10-29 00:00:00,3.0
11.0,2017-11-05 00:00:00,3.0
11.0,2017-11-12 00:00:00,1.0
11.0,2017-11-26 00:00:00,2.0
11.0,2017-12-03 00:00:00,2.0
11.0,2017-12-24 00:00:00,1.0
11.0,2017-12-31 00:00:00,2.0
11.0,2018-01-07 00:00:00,2.0
11.0,2018-01-14 00:00:00,3.0
11.0,2018-01-28 00:00:00,1.0
11.0,2018-02-04 00:00:00,3.0
11.0,2018-02-11 00:00:00,3.0
11.0,2018-02-18 00:00:00,2.0
11.0,2018-02-25 00:00:00,1.0
11.0,2018-03-04 00:00:00,2.0
11.0,2018-03-11 00:00:00,2.0
11.0,2018-03-18 00:00:00,2.0
11.0,2018-04-08 00:00:00,1.0
11.0,2018-04-15 00:00:00,1.0
11.0,2018-04-22 00:00:00,1.0
11.0,2018-04-29 00:00:00,2.0
11.0,2018-05-06 00:00:00,1.0
11.0,2018-05-13 00:00:00,2.0
11.0,2018-05-27 00:00:00,3.0
15.0,2016-10-23 00:00:00,1.0
15.0,2016-12-25 00:00:00,1.0
15.0,2017-01-29 00:00:00,1.0
15.0,2017-02-12 00:00:00,1.0
15.0,2017-02-19 00:00:00,1.0
15.0,2017-03-26 00:00:00,1.0
15.0,2017-04-16 00:00:00,1.0
15.0,2017-05-14 00:00:00,1.0
15.0,2017-06-25 00:00:00,1.0
15.0,2017-07-02 00:00:00,1.0
15.0,2017-07-09 00:00:00,1.0
15.0,2017-07-30 00:00:00,1.0
15.0,2017-08-13 00:00:00,1.0
15.0,2017-09-24 00:00:00,1.0
15.0,2017-10-08 00:00:00,1.0
15.0,2017-11-05 00:00:00,1.0
15.0,2017-12-03 00:00:00,2.0
15.0,2017-12-10 00:00:00,1.0
15.0,2018-02-04 00:00:00,1.0
15.0,2018-02-11 00:00:00,1.0
15.0,2018-02-18 00:00:00,2.0
15.0,2018-03-11 00:00:00,2.0
15.0,2018-03-25 00:00:00,1.0
17.0,2015-02-08 00:00:00,2.0
17.0,2015-02-15 00:00:00,3.0
17.0,2015-02-22 00:00:00,3.0
17.0,2015-03-01 00:00:00,3.0
17.0,2015-03-08 00:00:00,2.0
17.0,2015-03-15 00:00:00,3.0
17.0,2015-03-22 00:00:00,3.0
17.0,2015-03-29 00:00:00,3.0
17.0,2015-04-05 00:00:00,3.0
17.0,2015-04-12 00:00:00,3.0
17.0,2015-04-19 00:00:00,3.0
17.0,2015-04-26 00:00:00,3.0
17.0,2015-05-03 00:00:00,3.0
17.0,2015-05-10 00:00:00,2.0
17.0,2015-05-17 00:00:00,3.0
17.0,2015-05-24 00:00:00,2.0
17.0,2015-05-31 00:00:00,3.0
17.0,2015-06-07 00:00:00,3.0
17.0,2015-06-14 00:00:00,3.0
17.0,2015-06-21 00:00:00,3.0
17.0,2015-06-28 00:00:00,3.0
17.0,2015-07-05 00:00:00,3.0
17.0,2015-07-12 00:00:00,3.0
17.0,2015-07-19 00:00:00,3.0
17.0,2015-07-26 00:00:00,2.0
17.0,2015-08-02 00:00:00,3.0
17.0,2015-08-09 00:00:00,3.0
17.0,2015-08-16 00:00:00,3.0
17.0,2015-08-23 00:00:00,3.0
17.0,2015-08-30 00:00:00,2.0
17.0,2015-09-06 00:00:00,3.0
17.0,2015-09-13 00:00:00,3.0
17.0,2015-09-20 00:00:00,3.0
17.0,2015-09-27 00:00:00,3.0
17.0,2015-10-04 00:00:00,2.0
17.0,2015-10-11 00:00:00,3.0
17.0,2015-10-18 00:00:00,3.0
17.0,2015-10-25 00:00:00,3.0
17.0,2015-11-01 00:00:00,3.0
17.0,2015-11-08 00:00:00,3.0
17.0,2015-11-15 00:00:00,3.0
17.0,2015-11-22 00:00:00,3.0
17.0,2015-11-29 00:00:00,2.0
17.0,2015-12-06 00:00:00,3.0
17.0,2015-12-13 00:00:00,1.0
17.0,2015-12-20 00:00:00,3.0
17.0,2015-12-27 00:00:00,2.0
17.0,2016-01-03 00:00:00,2.0
17.0,2016-01-10 00:00:00,3.0
17.0,2016-01-17 00:00:00,1.0
17.0,2016-01-24 00:00:00,2.0
17.0,2016-01-31 00:00:00,3.0
17.0,2016-02-07 00:00:00,3.0
17.0,2016-02-14 00:00:00,3.0
17.0,2016-02-21 00:00:00,3.0
17.0,2016-02-28 00:00:00,3.0
17.0,2016-03-06 00:00:00,3.0
17.0,2016-03-13 00:00:00,2.0
17.0,2016-03-20 00:00:00,3.0
17.0,2016-03-27 00:00:00,2.0
17.0,2016-04-03 00:00:00,2.0
17.0,2016-04-10 00:00:00,2.0
17.0,2016-04-17 00:00:00,3.0
17.0,2016-04-24 00:00:00,2.0
17.0,2016-05-01 00:00:00,3.0
17.0,2016-05-08 00:00:00,3.0
17.0,2016-05-15 00:00:00,3.0
17.0,2016-05-22 00:00:00,3.0
17.0,2016-05-29 00:00:00,3.0
17.0,2016-06-05 00:00:00,2.0
17.0,2016-06-12 00:00:00,2.0
17.0,2016-06-19 00:00:00,3.0
17.0,2016-06-26 00:00:00,3.0
17.0,2016-07-03 00:00:00,3.0
17.0,2016-07-10 00:00:00,3.0
17.0,2016-07-17 00:00:00,3.0
17.0,2016-07-24 00:00:00,2.0
17.0,2016-07-31 00:00:00,2.0
17.0,2016-08-07 00:00:00,3.0
17.0,2016-08-14 00:00:00,3.0
17.0,2016-08-21 00:00:00,3.0
17.0,2016-08-28 00:00:00,3.0
17.0,2016-09-04 00:00:00,3.0
17.0,2016-09-11 00:00:00,2.0
17.0,2016-09-18 00:00:00,2.0
17.0,2016-09-25 00:00:00,3.0
17.0,2016-10-02 00:00:00,3.0
17.0,2016-10-09 00:00:00,2.0
17.0,2016-10-16 00:00:00,3.0
17.0,2016-10-23 00:00:00,2.0
17.0,2016-10-30 00:00:00,2.0
17.0,2016-11-06 00:00:00,3.0
17.0,2016-11-13 00:00:00,3.0
17.0,2016-11-20 00:00:00,3.0
17.0,2016-11-27 00:00:00,3.0
17.0,2016-12-04 00:00:00,1.0
17.0,2016-12-11 00:00:00,2.0
17.0,2016-12-18 00:00:00,2.0
17.0,2016-12-25 00:00:00,1.0
17.0,2017-01-01 00:00:00,3.0
17.0,2017-01-08 00:00:00,1.0
17.0,2017-01-15 00:00:00,3.0
17.0,2017-01-22 00:00:00,3.0
17.0,2017-01-29 00:00:00,3.0
17.0,2017-02-05 00:00:00,3.0
17.0,2017-02-12 00:00:00,2.0
17.0,2017-02-19 00:00:00,3.0
17.0,2017-02-26 00:00:00,2.0
17.0,2017-03-05 00:00:00,3.0
17.0,2017-03-12 00:00:00,3.0
17.0,2017-03-19 00:00:00,3.0
17.0,2017-03-26 00:00:00,3.0
17.0,2017-04-02 00:00:00,2.0
17.0,2017-04-09 00:00:00,3.0
17.0,2017-04-16 00:00:00,2.0
17.0,2017-04-23 00:00:00,2.0
17.0,2017-04-30 00:00:00,3.0
17.0,2017-05-07 00:00:00,2.0
17.0,2017-05-14 00:00:00,3.0
17.0,2017-05-21 00:00:00,3.0
17.0,2017-05-28 00:00:00,3.0
17.0,2017-06-04 00:00:00,3.0
17.0,2017-06-11 00:00:00,2.0
17.0,2017-06-18 00:00:00,3.0
17.0,2017-06-25 00:00:00,3.0
17.0,2017-07-02 00:00:00,3.0
17.0,2017-07-09 00:00:00,2.0
17.0,2017-07-16 00:00:00,3.0
17.0,2017-07-23 00:00:00,2.0
17.0,2017-07-30 00:00:00,3.0
17.0,2017-08-06 00:00:00,1.0
17.0,2017-08-13 00:00:00,3.0
17.0,2017-08-20 00:00:00,3.0
17.0,2017-08-27 00:00:00,3.0
17.0,2017-09-03 00:00:00,2.0
17.0,2017-09-10 00:00:00,2.0
17.0,2017-09-17 00:00:00,3.0
17.0,2017-09-24 00:00:00,3.0
17.0,2017-10-01 00:00:00,3.0
17.0,2017-10-08 00:00:00,3.0
17.0,2017-10-15 00:00:00,2.0
17.0,2017-10-22 00:00:00,2.0
17.0,2017-10-29 00:00:00,2.0
17.0,2017-11-05 00:00:00,3.0
17.0,2017-11-12 00:00:00,2.0
17.0,2017-11-19 00:00:00,2.0
17.0,2017-11-26 00:00:00,2.0
17.0,2017-12-03 00:00:00,2.0
17.0,2017-12-10 00:00:00,2.0
17.0,2017-12-17 00:00:00,2.0
17.0,2017-12-24 00:00:00,3.0
17.0,2017-12-31 00:00:00,2.0
17.0,2018-01-07 00:00:00,2.0
17.0,2018-01-14 00:00:00,3.0
17.0,2018-01-21 00:00:00,3.0
17.0,2018-01-28 00:00:00,1.0
17.0,2018-02-04 00:00:00,3.0
17.0,2018-02-11 00:00:00,3.0
17.0,2018-02-18 00:00:00,3.0
17.0,2018-02-25 00:00:00,3.0
17.0,2018-03-04 00:00:00,2.0
17.0,2018-03-11 00:00:00,1.0
17.0,2018-03-18 00:00:00,2.0
17.0,2018-03-25 00:00:00,3.0
17.0,2018-04-01 00:00:00,3.0
17.0,2018-04-08 00:00:00,3.0
17.0,2018-04-15 00:00:00,3.0
17.0,2018-04-22 00:00:00,2.0
17.0,2018-04-29 00:00:00,3.0
17.0,2018-05-06 00:00:00,3.0
17.0,2018-05-13 00:00:00,3.0
17.0,2018-05-20 00:00:00,2.0
17.0,2018-05-27 00:00:00,3.0
18.0,2018-02-18 00:00:00,1.0
18.0,2018-03-04 00:00:00,1.0
18.0,2018-03-25 00:00:00,1.0
18.0,2018-04-01 00:00:00,1.0
18.0,2018-04-08 00:00:00,1.0
18.0,2018-04-15 00:00:00,1.0
18.0,2018-04-22 00:00:00,2.0
18.0,2018-04-29 00:00:00,1.0
18.0,2018-05-06 00:00:00,2.0
18.0,2018-05-13 00:00:00,2.0
18.0,2018-05-20 00:00:00,1.0
19.0,2016-02-07 00:00:00,1.0
19.0,2016-02-14 00:00:00,2.0
19.0,2016-02-28 00:00:00,3.0
19.0,2016-03-06 00:00:00,1.0
19.0,2016-03-20 00:00:00,2.0
19.0,2016-03-27 00:00:00,2.0
19.0,2016-04-03 00:00:00,2.0
19.0,2016-04-10 00:00:00,1.0
19.0,2016-04-24 00:00:00,2.0
19.0,2016-05-01 00:00:00,3.0
19.0,2016-05-08 00:00:00,3.0
19.0,2016-05-29 00:00:00,3.0
19.0,2016-06-05 00:00:00,3.0
19.0,2016-06-12 00:00:00,3.0
19.0,2016-06-26 00:00:00,1.0
19.0,2016-07-03 00:00:00,1.0
19.0,2016-07-10 00:00:00,1.0
19.0,2016-07-17 00:00:00,2.0
19.0,2016-07-24 00:00:00,2.0
19.0,2016-07-31 00:00:00,1.0
19.0,2016-08-07 00:00:00,2.0
19.0,2016-09-04 00:00:00,3.0
19.0,2016-09-11 00:00:00,3.0
19.0,2016-10-16 00:00:00,2.0
19.0,2016-10-23 00:00:00,2.0
19.0,2016-10-30 00:00:00,3.0
19.0,2016-11-13 00:00:00,3.0
19.0,2016-11-20 00:00:00,3.0
19.0,2016-11-27 00:00:00,1.0
19.0,2016-12-04 00:00:00,1.0
19.0,2016-12-11 00:00:00,2.0
19.0,2016-12-18 00:00:00,1.0
19.0,2017-01-08 00:00:00,2.0
19.0,2017-01-15 00:00:00,2.0
19.0,2017-01-22 00:00:00,3.0
19.0,2017-01-29 00:00:00,1.0
19.0,2017-02-05 00:00:00,1.0
19.0,2017-02-12 00:00:00,1.0
19.0,2017-02-19 00:00:00,3.0
19.0,2017-02-26 00:00:00,2.0
19.0,2017-03-19 00:00:00,1.0
19.0,2017-04-09 00:00:00,2.0
19.0,2017-04-16 00:00:00,2.0
19.0,2017-04-23 00:00:00,3.0
19.0,2017-04-30 00:00:00,2.0
19.0,2017-05-07 00:00:00,1.0
19.0,2017-05-14 00:00:00,3.0
19.0,2017-05-21 00:00:00,3.0
19.0,2017-05-28 00:00:00,2.0
19.0,2017-06-04 00:00:00,2.0
19.0,2017-06-11 00:00:00,3.0
19.0,2017-06-18 00:00:00,3.0
19.0,2017-07-02 00:00:00,1.0
19.0,2017-07-09 00:00:00,2.0
19.0,2017-07-16 00:00:00,3.0
19.0,2017-07-23 00:00:00,2.0
19.0,2017-08-06 00:00:00,2.0
19.0,2017-08-13 00:00:00,1.0
19.0,2017-08-20 00:00:00,2.0
19.0,2017-08-27 00:00:00,2.0
19.0,2017-09-03 00:00:00,2.0
19.0,2017-09-17 00:00:00,3.0
19.0,2017-09-24 00:00:00,3.0
19.0,2017-10-15 00:00:00,3.0
19.0,2017-10-29 00:00:00,1.0
19.0,2017-11-12 00:00:00,2.0
19.0,2017-11-19 00:00:00,3.0
19.0,2017-11-26 00:00:00,2.0
19.0,2017-12-03 00:00:00,2.0
19.0,2017-12-10 00:00:00,3.0
19.0,2017-12-17 00:00:00,2.0
19.0,2017-12-24 00:00:00,2.0
19.0,2017-12-31 00:00:00,2.0
19.0,2018-01-07 00:00:00,2.0
19.0,2018-01-14 00:00:00,3.0
19.0,2018-01-21 00:00:00,2.0
19.0,2018-01-28 00:00:00,3.0
19.0,2018-02-04 00:00:00,1.0
19.0,2018-02-11 00:00:00,1.0
19.0,2018-03-04 00:00:00,3.0
19.0,2018-03-18 00:00:00,3.0
19.0,2018-03-25 00:00:00,3.0
19.0,2018-04-01 00:00:00,3.0
19.0,2018-04-08 00:00:00,3.0
19.0,2018-04-15 00:00:00,1.0
19.0,2018-04-22 00:00:00,1.0
19.0,2018-04-29 00:00:00,1.0
19.0,2018-05-13 00:00:00,2.0
19.0,2018-05-20 00:00:00,1.0
21.0,2016-09-18 00:00:00,3.0
21.0,2016-09-25 00:00:00,3.0
21.0,2016-10-02 00:00:00,3.0
21.0,2016-10-09 00:00:00,3.0
21.0,2016-10-16 00:00:00,2.0
21.0,2016-10-23 00:00:00,2.0
21.0,2016-10-30 00:00:00,3.0
21.0,2016-11-06 00:00:00,3.0
21.0,2016-11-13 00:00:00,3.0
21.0,2016-11-20 00:00:00,2.0
21.0,2016-11-27 00:00:00,2.0
21.0,2016-12-04 00:00:00,2.0
21.0,2016-12-11 00:00:00,2.0
21.0,2016-12-18 00:00:00,2.0
21.0,2016-12-25 00:00:00,1.0
21.0,2017-01-01 00:00:00,2.0
21.0,2017-01-08 00:00:00,3.0
21.0,2017-01-15 00:00:00,2.0
21.0,2017-01-22 00:00:00,3.0
21.0,2017-01-29 00:00:00,2.0
21.0,2017-02-05 00:00:00,2.0
21.0,2017-02-12 00:00:00,3.0
21.0,2017-02-19 00:00:00,2.0
21.0,2017-02-26 00:00:00,2.0
21.0,2017-03-05 00:00:00,2.0
21.0,2017-03-12 00:00:00,2.0
21.0,2017-03-19 00:00:00,3.0
21.0,2017-03-26 00:00:00,2.0
21.0,2017-04-02 00:00:00,2.0
21.0,2017-04-09 00:00:00,2.0
21.0,2017-04-16 00:00:00,3.0
21.0,2017-04-23 00:00:00,3.0
21.0,2017-04-30 00:00:00,3.0
21.0,2017-05-07 00:00:00,3.0
21.0,2017-05-14 00:00:00,3.0
21.0,2017-05-21 00:00:00,2.0
21.0,2017-05-28 00:00:00,3.0
21.0,2017-06-04 00:00:00,2.0
21.0,2017-06-11 00:00:00,3.0
21.0,2017-06-18 00:00:00,2.0
21.0,2017-06-25 00:00:00,2.0
21.0,2017-07-02 00:00:00,3.0
21.0,2017-07-09 00:00:00,2.0
21.0,2017-07-16 00:00:00,2.0
21.0,2017-07-23 00:00:00,2.0
21.0,2017-07-30 00:00:00,2.0
21.0,2017-08-06 00:00:00,3.0
21.0,2017-08-13 00:00:00,3.0
21.0,2017-08-20 00:00:00,3.0
21.0,2017-08-27 00:00:00,2.0
21.0,2017-09-03 00:00:00,3.0
21.0,2017-09-10 00:00:00,3.0
21.0,2017-09-17 00:00:00,3.0
21.0,2017-09-24 00:00:00,2.0
21.0,2017-10-01 00:00:00,2.0
21.0,2017-10-08 00:00:00,2.0
21.0,2017-10-15 00:00:00,3.0
21.0,2017-10-22 00:00:00,2.0
21.0,2017-10-29 00:00:00,3.0
21.0,2017-11-05 00:00:00,3.0
21.0,2017-11-12 00:00:00,3.0
21.0,2017-11-19 00:00:00,3.0
21.0,2017-11-26 00:00:00,3.0
21.0,2017-12-03 00:00:00,3.0
21.0,2017-12-10 00:00:00,3.0
21.0,2017-12-17 00:00:00,3.0
21.0,2017-12-24 00:00:00,1.0
21.0,2017-12-31 00:00:00,3.0
21.0,2018-01-07 00:00:00,3.0
21.0,2018-01-14 00:00:00,3.0
21.0,2018-01-21 00:00:00,2.0
21.0,2018-01-28 00:00:00,3.0
21.0,2018-02-04 00:00:00,3.0
21.0,2018-02-11 00:00:00,3.0
21.0,2018-02-18 00:00:00,2.0
21.0,2018-02-25 00:00:00,2.0
21.0,2018-03-11 00:00:00,3.0
21.0,2018-03-18 00:00:00,2.0
21.0,2018-03-25 00:00:00,2.0
21.0,2018-04-01 00:00:00,3.0
21.0,2018-04-08 00:00:00,3.0
21.0,2018-04-15 00:00:00,3.0
21.0,2018-04-22 00:00:00,3.0
21.0,2018-04-29 00:00:00,3.0
21.0,2018-05-06 00:00:00,3.0
21.0,2018-05-13 00:00:00,3.0
21.0,2018-05-20 00:00:00,3.0
21.0,2018-05-27 00:00:00,3.0
23.0,2018-04-22 00:00:00,2.0
23.0,2018-04-29 00:00:00,1.0
23.0,2018-05-13 00:00:00,2.0
23.0,2018-05-20 00:00:00,3.0
23.0,2018-05-27 00:00:00,3.0
24.0,2017-09-10 00:00:00,1.0
24.0,2017-09-17 00:00:00,1.0
24.0,2017-09-24 00:00:00,1.0
24.0,2017-10-01 00:00:00,1.0
24.0,2017-10-08 00:00:00,1.0
24.0,2017-10-22 00:00:00,1.0
24.0,2017-11-12 00:00:00,2.0
24.0,2017-11-19 00:00:00,1.0
24.0,2017-11-26 00:00:00,1.0
24.0,2017-12-10 00:00:00,1.0
24.0,2017-12-17 00:00:00,1.0
24.0,2017-12-24 00:00:00,1.0
24.0,2017-12-31 00:00:00,1.0
24.0,2018-01-14 00:00:00,2.0
24.0,2018-01-28 00:00:00,2.0
24.0,2018-02-18 00:00:00,2.0
24.0,2018-02-25 00:00:00,1.0
24.0,2018-03-11 00:00:00,1.0
24.0,2018-03-18 00:00:00,1.0
24.0,2018-03-25 00:00:00,1.0
24.0,2018-04-22 00:00:00,1.0
24.0,2018-04-29 00:00:00,1.0
24.0,2018-05-13 00:00:00,1.0
24.0,2018-05-20 00:00:00,1.0
24.0,2018-05-27 00:00:00,1.0
25.0,2018-02-25 00:00:00,1.0
25.0,2018-03-04 00:00:00,1.0
25.0,2018-03-11 00:00:00,2.0
25.0,2018-03-18 00:00:00,2.0
25.0,2018-04-01 00:00:00,2.0
25.0,2018-04-08 00:00:00,1.0
25.0,2018-04-22 00:00:00,2.0
25.0,2018-04-29 00:00:00,1.0
25.0,2018-05-06 00:00:00,2.0
25.0,2018-05-13 00:00:00,1.0
25.0,2018-05-20 00:00:00,2.0
25.0,2018-05-27 00:00:00,2.0
26.0,2016-01-31 00:00:00,1.0
26.0,2016-02-14 00:00:00,1.0
26.0,2016-03-13 00:00:00,1.0
26.0,2016-03-27 00:00:00,1.0
26.0,2016-05-08 00:00:00,1.0
26.0,2016-05-22 00:00:00,1.0
26.0,2016-06-12 00:00:00,1.0
26.0,2016-07-17 00:00:00,1.0
26.0,2016-08-07 00:00:00,1.0
26.0,2016-08-14 00:00:00,2.0
26.0,2016-08-28 00:00:00,2.0
26.0,2016-09-18 00:00:00,1.0
26.0,2016-09-25 00:00:00,1.0
26.0,2016-10-23 00:00:00,1.0
26.0,2016-10-30 00:00:00,1.0
26.0,2016-11-06 00:00:00,2.0
26.0,2017-01-08 00:00:00,1.0
26.0,2017-01-22 00:00:00,1.0
26.0,2017-03-19 00:00:00,1.0
26.0,2017-03-26 00:00:00,1.0
26.0,2017-04-02 00:00:00,1.0
26.0,2017-04-09 00:00:00,1.0
26.0,2017-04-30 00:00:00,1.0
26.0,2017-05-07 00:00:00,1.0
26.0,2017-05-14 00:00:00,1.0
26.0,2017-05-21 00:00:00,1.0
26.0,2017-06-04 00:00:00,1.0
26.0,2017-06-11 00:00:00,1.0
26.0,2017-07-16 00:00:00,1.0
26.0,2017-08-13 00:00:00,1.0
26.0,2017-08-20 00:00:00,1.0
26.0,2017-09-03 00:00:00,1.0
26.0,2017-09-10 00:00:00,1.0
26.0,2017-09-17 00:00:00,1.0
26.0,2017-09-24 00:00:00,1.0
26.0,2017-10-29 00:00:00,1.0
26.0,2017-11-05 00:00:00,1.0
26.0,2017-11-19 00:00:00,1.0
26.0,2017-12-17 00:00:00,1.0
26.0,2017-12-24 00:00:00,1.0
26.0,2018-01-28 00:00:00,2.0
26.0,2018-02-11 00:00:00,1.0
26.0,2018-02-25 00:00:00,1.0
26.0,2018-03-18 00:00:00,1.0
26.0,2018-03-25 00:00:00,2.0
26.0,2018-04-01 00:00:00,2.0
26.0,2018-04-08 00:00:00,1.0
26.0,2018-04-29 00:00:00,1.0
26.0,2018-05-06 00:00:00,1.0
26.0,2018-05-13 00:00:00,1.0
26.0,2018-05-27 00:00:00,1.0
27.0,2018-05-20 00:00:00,1.0
27.0,2018-05-27 00:00:00,2.0
28.0,2017-08-06 00:00:00,3.0
28.0,2017-08-13 00:00:00,3.0
28.0,2017-08-20 00:00:00,3.0
28.0,2017-08-27 00:00:00,2.0
28.0,2017-09-03 00:00:00,3.0
28.0,2017-09-10 00:00:00,2.0
28.0,2017-09-17 00:00:00,3.0
28.0,2017-09-24 00:00:00,3.0
28.0,2017-10-01 00:00:00,3.0
28.0,2017-10-08 00:00:00,2.0
28.0,2017-10-15 00:00:00,3.0
28.0,2017-10-22 00:00:00,3.0
28.0,2017-10-29 00:00:00,3.0
28.0,2017-11-05 00:00:00,3.0
28.0,2017-11-12 00:00:00,3.0
28.0,2017-11-19 00:00:00,3.0
28.0,2017-11-26 00:00:00,2.0
28.0,2017-12-03 00:00:00,3.0
28.0,2017-12-10 00:00:00,3.0
28.0,2017-12-17 00:00:00,3.0
28.0,2017-12-24 00:00:00,3.0
28.0,2017-12-31 00:00:00,3.0
28.0,2018-01-07 00:00:00,3.0
28.0,2018-01-14 00:00:00,3.0
28.0,2018-01-21 00:00:00,3.0
28.0,2018-01-28 00:00:00,3.0
28.0,2018-02-04 00:00:00,3.0
28.0,2018-02-11 00:00:00,3.0
28.0,2018-02-18 00:00:00,2.0
28.0,2018-02-25 00:00:00,3.0
28.0,2018-03-04 00:00:00,3.0
28.0,2018-03-11 00:00:00,3.0
28.0,2018-03-18 00:00:00,3.0
28.0,2018-03-25 00:00:00,3.0
28.0,2018-04-01 00:00:00,3.0
28.0,2018-04-08 00:00:00,3.0
28.0,2018-04-15 00:00:00,3.0
28.0,2018-04-22 00:00:00,3.0
28.0,2018-04-29 00:00:00,3.0
28.0,2018-05-06 00:00:00,3.0
28.0,2018-05-13 00:00:00,3.0
28.0,2018-05-20 00:00:00,3.0
28.0,2018-05-27 00:00:00,3.0
30.0,2017-10-01 00:00:00,1.0
30.0,2017-10-15 00:00:00,3.0
30.0,2017-10-22 00:00:00,1.0
30.0,2017-10-29 00:00:00,1.0
30.0,2017-11-05 00:00:00,1.0
30.0,2017-11-12 00:00:00,3.0
30.0,2017-11-19 00:00:00,3.0
30.0,2017-11-26 00:00:00,1.0
30.0,2017-12-03 00:00:00,1.0
30.0,2017-12-17 00:00:00,1.0
30.0,2017-12-24 00:00:00,3.0
30.0,2017-12-31 00:00:00,2.0
30.0,2018-01-14 00:00:00,1.0
30.0,2018-01-21 00:00:00,3.0
30.0,2018-01-28 00:00:00,2.0
30.0,2018-02-04 00:00:00,1.0
30.0,2018-02-18 00:00:00,1.0
30.0,2018-02-25 00:00:00,2.0
30.0,2018-03-25 00:00:00,2.0
30.0,2018-04-15 00:00:00,2.0
30.0,2018-04-22 00:00:00,2.0
30.0,2018-04-29 00:00:00,2.0
30.0,2018-05-06 00:00:00,3.0
30.0,2018-05-20 00:00:00,2.0
30.0,2018-05-27 00:00:00,3.0
32.0,2015-08-09 00:00:00,2.0
32.0,2015-08-16 00:00:00,1.0
32.0,2015-09-06 00:00:00,2.0
32.0,2015-09-13 00:00:00,2.0
32.0,2015-09-20 00:00:00,3.0
32.0,2015-09-27 00:00:00,3.0
32.0,2015-10-04 00:00:00,1.0
32.0,2015-10-11 00:00:00,3.0
32.0,2015-10-18 00:00:00,3.0
32.0,2015-10-25 00:00:00,3.0
32.0,2015-11-01 00:00:00,3.0
32.0,2015-11-08 00:00:00,3.0
32.0,2015-11-15 00:00:00,1.0
32.0,2015-11-22 00:00:00,2.0
32.0,2015-12-06 00:00:00,3.0
32.0,2015-12-13 00:00:00,1.0
32.0,2015-12-27 00:00:00,2.0
32.0,2016-01-03 00:00:00,2.0
32.0,2016-01-10 00:00:00,3.0
32.0,2016-01-17 00:00:00,1.0
32.0,2016-01-24 00:00:00,2.0
32.0,2016-01-31 00:00:00,2.0
32.0,2016-02-14 00:00:00,3.0
32.0,2016-03-06 00:00:00,3.0
32.0,2016-03-13 00:00:00,3.0
32.0,2016-03-20 00:00:00,3.0
32.0,2016-03-27 00:00:00,1.0
32.0,2016-04-03 00:00:00,3.0
32.0,2016-04-10 00:00:00,2.0
32.0,2016-04-17 00:00:00,2.0
32.0,2016-04-24 00:00:00,2.0
32.0,2016-05-15 00:00:00,1.0
32.0,2016-06-12 00:00:00,1.0
32.0,2016-06-26 00:00:00,2.0
32.0,2016-07-03 00:00:00,1.0
32.0,2016-07-24 00:00:00,2.0
32.0,2016-08-07 00:00:00,2.0
32.0,2016-08-14 00:00:00,2.0
32.0,2016-08-21 00:00:00,1.0
32.0,2016-08-28 00:00:00,3.0
32.0,2016-09-11 00:00:00,1.0
32.0,2016-09-18 00:00:00,3.0
32.0,2016-09-25 00:00:00,2.0
32.0,2016-10-02 00:00:00,2.0
32.0,2016-10-09 00:00:00,3.0
32.0,2016-10-16 00:00:00,2.0
32.0,2016-10-23 00:00:00,3.0
32.0,2016-11-06 00:00:00,1.0
32.0,2016-11-13 00:00:00,2.0
32.0,2016-11-20 00:00:00,1.0
32.0,2016-11-27 00:00:00,3.0
32.0,2016-12-04 00:00:00,3.0
32.0,2016-12-11 00:00:00,3.0
32.0,2016-12-18 00:00:00,3.0
32.0,2017-01-01 00:00:00,2.0
32.0,2017-01-08 00:00:00,2.0
32.0,2017-01-22 00:00:00,2.0
32.0,2017-01-29 00:00:00,2.0
32.0,2017-02-05 00:00:00,3.0
32.0,2017-02-12 00:00:00,3.0
32.0,2017-02-26 00:00:00,1.0
32.0,2017-03-05 00:00:00,2.0
32.0,2017-03-12 00:00:00,3.0
32.0,2017-03-19 00:00:00,3.0
32.0,2017-03-26 00:00:00,2.0
32.0,2017-04-02 00:00:00,2.0
32.0,2017-04-16 00:00:00,3.0
32.0,2017-04-23 00:00:00,3.0
32.0,2017-04-30 00:00:00,2.0
32.0,2017-05-21 00:00:00,1.0
32.0,2017-05-28 00:00:00,1.0
32.0,2017-06-04 00:00:00,1.0
32.0,2017-06-11 00:00:00,2.0
32.0,2017-06-18 00:00:00,2.0
32.0,2017-07-02 00:00:00,2.0
32.0,2017-07-09 00:00:00,1.0
32.0,2017-07-16 00:00:00,1.0
32.0,2017-07-23 00:00:00,1.0
32.0,2017-07-30 00:00:00,1.0
32.0,2017-08-06 00:00:00,3.0
32.0,2017-09-03 00:00:00,1.0
32.0,2017-09-10 00:00:00,1.0
32.0,2017-10-01 00:00:00,1.0
32.0,2017-10-08 00:00:00,1.0
32.0,2017-10-15 00:00:00,3.0
32.0,2017-10-22 00:00:00,2.0
32.0,2017-10-29 00:00:00,3.0
32.0,2017-11-05 00:00:00,2.0
32.0,2017-11-12 00:00:00,2.0
32.0,2017-11-19 00:00:00,1.0
32.0,2017-12-10 00:00:00,1.0
32.0,2017-12-17 00:00:00,1.0
32.0,2017-12-24 00:00:00,3.0
32.0,2017-12-31 00:00:00,3.0
32.0,2018-01-07 00:00:00,3.0
32.0,2018-01-14 00:00:00,2.0
32.0,2018-01-28 00:00:00,1.0
32.0,2018-02-04 00:00:00,3.0
32.0,2018-02-11 00:00:00,3.0
32.0,2018-03-04 00:00:00,1.0
32.0,2018-03-11 00:00:00,1.0
32.0,2018-04-15 00:00:00,2.0
32.0,2018-04-22 00:00:00,1.0
32.0,2018-05-27 00:00:00,1.0
33.0,2017-10-08 00:00:00,2.0
33.0,2017-10-15 00:00:00,1.0
33.0,2017-10-22 00:00:00,2.0
33.0,2017-10-29 00:00:00,3.0
33.0,2017-11-05 00:00:00,1.0
33.0,2017-11-19 00:00:00,2.0
33.0,2017-12-03 00:00:00,2.0
33.0,2017-12-10 00:00:00,2.0
33.0,2017-12-17 00:00:00,1.0
33.0,2017-12-31 00:00:00,3.0
33.0,2018-01-07 00:00:00,2.0
33.0,2018-01-14 00:00:00,3.0
33.0,2018-01-21 00:00:00,3.0
33.0,2018-01-28 00:00:00,3.0
33.0,2018-02-04 00:00:00,3.0
33.0,2018-02-11 00:00:00,2.0
33.0,2018-02-18 00:00:00,3.0
33.0,2018-02-25 00:00:00,2.0
33.0,2018-03-18 00:00:00,1.0
33.0,2018-04-08 00:00:00,2.0
33.0,2018-04-15 00:00:00,2.0
33.0,2018-04-22 00:00:00,2.0
33.0,2018-04-29 00:00:00,1.0
33.0,2018-05-06 00:00:00,1.0
33.0,2018-05-13 00:00:00,3.0
33.0,2018-05-20 00:00:00,2.0
34.0,2017-02-26 00:00:00,3.0
34.0,2017-03-05 00:00:00,3.0
34.0,2017-03-19 00:00:00,1.0
34.0,2017-03-26 00:00:00,1.0
34.0,2017-04-02 00:00:00,1.0
34.0,2017-05-14 00:00:00,1.0
34.0,2017-05-21 00:00:00,2.0
34.0,2017-05-28 00:00:00,3.0
34.0,2017-06-04 00:00:00,2.0
34.0,2017-06-11 00:00:00,2.0
34.0,2017-07-16 00:00:00,2.0
34.0,2017-07-23 00:00:00,2.0
34.0,2017-07-30 00:00:00,3.0
34.0,2017-08-13 00:00:00,2.0
34.0,2017-08-20 00:00:00,2.0
34.0,2017-08-27 00:00:00,1.0
34.0,2017-09-03 00:00:00,1.0
34.0,2017-10-08 00:00:00,2.0
34.0,2017-10-15 00:00:00,3.0
34.0,2017-10-22 00:00:00,2.0
34.0,2017-10-29 00:00:00,3.0
34.0,2017-11-05 00:00:00,1.0
34.0,2017-11-12 00:00:00,2.0
34.0,2017-11-19 00:00:00,3.0
34.0,2017-11-26 00:00:00,3.0
34.0,2017-12-03 00:00:00,3.0
34.0,2017-12-10 00:00:00,2.0
34.0,2017-12-31 00:00:00,3.0
34.0,2018-01-07 00:00:00,3.0
34.0,2018-01-14 00:00:00,2.0
34.0,2018-01-21 00:00:00,2.0
34.0,2018-01-28 00:00:00,2.0
34.0,2018-02-04 00:00:00,2.0
34.0,2018-02-18 00:00:00,1.0
34.0,2018-04-15 00:00:00,2.0
34.0,2018-04-22 00:00:00,3.0
34.0,2018-04-29 00:00:00,2.0
35.0,2017-09-10 00:00:00,1.0
35.0,2017-09-17 00:00:00,2.0
35.0,2017-09-24 00:00:00,3.0
35.0,2017-10-01 00:00:00,2.0
35.0,2017-10-08 00:00:00,1.0
35.0,2017-10-15 00:00:00,2.0
35.0,2017-10-22 00:00:00,3.0
35.0,2017-10-29 00:00:00,3.0
35.0,2017-11-05 00:00:00,3.0
35.0,2017-11-12 00:00:00,3.0
35.0,2017-11-19 00:00:00,1.0
35.0,2017-12-03 00:00:00,3.0
35.0,2017-12-10 00:00:00,2.0
35.0,2017-12-17 00:00:00,2.0
35.0,2017-12-24 00:00:00,1.0
35.0,2017-12-31 00:00:00,2.0
35.0,2018-01-07 00:00:00,2.0
35.0,2018-01-14 00:00:00,3.0
35.0,2018-01-21 00:00:00,2.0
35.0,2018-01-28 00:00:00,3.0
35.0,2018-02-04 00:00:00,2.0
35.0,2018-02-11 00:00:00,3.0
35.0,2018-02-18 00:00:00,3.0
35.0,2018-02-25 00:00:00,3.0
35.0,2018-03-04 00:00:00,2.0
35.0,2018-03-11 00:00:00,3.0
35.0,2018-03-18 00:00:00,2.0
35.0,2018-03-25 00:00:00,3.0
35.0,2018-04-01 00:00:00,3.0
35.0,2018-04-08 00:00:00,3.0
35.0,2018-04-15 00:00:00,2.0
35.0,2018-04-22 00:00:00,2.0
35.0,2018-04-29 00:00:00,2.0
35.0,2018-05-06 00:00:00,2.0
35.0,2018-05-13 00:00:00,2.0
35.0,2018-05-20 00:00:00,2.0
35.0,2018-05-27 00:00:00,2.0
36.0,2018-01-07 00:00:00,1.0
36.0,2018-01-14 00:00:00,1.0
36.0,2018-01-21 00:00:00,1.0
36.0,2018-01-28 00:00:00,3.0
36.0,2018-02-04 00:00:00,1.0
36.0,2018-02-11 00:00:00,1.0
36.0,2018-02-18 00:00:00,3.0
36.0,2018-02-25 00:00:00,3.0
36.0,2018-03-04 00:00:00,1.0
36.0,2018-03-11 00:00:00,1.0
36.0,2018-03-18 00:00:00,3.0
36.0,2018-03-25 00:00:00,2.0
36.0,2018-04-01 00:00:00,1.0
36.0,2018-04-08 00:00:00,3.0
36.0,2018-04-15 00:00:00,2.0
36.0,2018-04-22 00:00:00,3.0
36.0,2018-04-29 00:00:00,2.0
36.0,2018-05-13 00:00:00,2.0
36.0,2018-05-20 00:00:00,2.0
36.0,2018-05-27 00:00:00,1.0
38.0,2015-04-26 00:00:00,1.0
38.0,2015-05-10 00:00:00,2.0
38.0,2015-05-17 00:00:00,1.0
38.0,2015-05-24 00:00:00,1.0
38.0,2015-05-31 00:00:00,1.0
38.0,2015-06-07 00:00:00,2.0
38.0,2015-06-14 00:00:00,3.0
38.0,2015-07-12 00:00:00,3.0
38.0,2015-07-19 00:00:00,2.0
38.0,2015-07-26 00:00:00,2.0
38.0,2015-08-02 00:00:00,1.0
38.0,2015-08-09 00:00:00,1.0
38.0,2015-08-16 00:00:00,1.0
38.0,2015-08-23 00:00:00,2.0
38.0,2015-09-06 00:00:00,1.0
38.0,2015-09-13 00:00:00,2.0
38.0,2015-09-27 00:00:00,1.0
38.0,2015-10-04 00:00:00,1.0
38.0,2015-11-08 00:00:00,1.0
38.0,2015-11-15 00:00:00,1.0
38.0,2015-11-29 00:00:00,2.0
38.0,2015-12-20 00:00:00,3.0
38.0,2015-12-27 00:00:00,2.0
38.0,2016-01-03 00:00:00,2.0
38.0,2016-01-10 00:00:00,2.0
38.0,2016-01-31 00:00:00,1.0
38.0,2016-02-07 00:00:00,1.0
38.0,2016-02-21 00:00:00,1.0
38.0,2016-02-28 00:00:00,2.0
38.0,2016-03-06 00:00:00,3.0
38.0,2016-03-13 00:00:00,2.0
38.0,2016-03-20 00:00:00,2.0
38.0,2016-03-27 00:00:00,1.0
38.0,2016-04-03 00:00:00,2.0
38.0,2016-04-24 00:00:00,1.0
38.0,2016-05-01 00:00:00,1.0
38.0,2016-05-08 00:00:00,1.0
38.0,2016-05-15 00:00:00,3.0
38.0,2016-06-12 00:00:00,2.0
38.0,2016-06-19 00:00:00,2.0
38.0,2016-07-17 00:00:00,3.0
38.0,2016-07-24 00:00:00,2.0
38.0,2016-08-14 00:00:00,1.0
38.0,2016-09-18 00:00:00,2.0
38.0,2016-09-25 00:00:00,1.0
38.0,2016-10-09 00:00:00,2.0
38.0,2016-10-16 00:00:00,2.0
38.0,2016-10-23 00:00:00,2.0
38.0,2016-10-30 00:00:00,2.0
38.0,2016-11-06 00:00:00,1.0
38.0,2016-11-13 00:00:00,3.0
38.0,2016-11-20 00:00:00,2.0
38.0,2016-11-27 00:00:00,1.0
38.0,2016-12-18 00:00:00,2.0
38.0,2016-12-25 00:00:00,3.0
38.0,2017-01-01 00:00:00,3.0
38.0,2017-01-08 00:00:00,3.0
38.0,2017-01-15 00:00:00,2.0
38.0,2017-01-22 00:00:00,2.0
38.0,2017-01-29 00:00:00,3.0
38.0,2017-02-05 00:00:00,3.0
38.0,2017-02-26 00:00:00,3.0
38.0,2017-03-05 00:00:00,3.0
38.0,2017-03-26 00:00:00,3.0
38.0,2017-04-02 00:00:00,2.0
38.0,2017-04-09 00:00:00,2.0
38.0,2017-04-16 00:00:00,3.0
38.0,2017-05-07 00:00:00,3.0
38.0,2017-05-14 00:00:00,2.0
38.0,2017-05-21 00:00:00,1.0
38.0,2017-06-04 00:00:00,2.0
38.0,2017-06-11 00:00:00,2.0
38.0,2017-06-18 00:00:00,2.0
38.0,2017-06-25 00:00:00,1.0
38.0,2017-07-09 00:00:00,2.0
38.0,2017-08-20 00:00:00,1.0
38.0,2017-08-27 00:00:00,3.0
38.0,2017-09-03 00:00:00,3.0
38.0,2017-09-17 00:00:00,3.0
38.0,2017-10-08 00:00:00,3.0
38.0,2017-10-15 00:00:00,2.0
38.0,2017-10-22 00:00:00,2.0
38.0,2017-10-29 00:00:00,1.0
38.0,2017-11-05 00:00:00,3.0
38.0,2017-11-12 00:00:00,2.0
38.0,2017-11-19 00:00:00,1.0
38.0,2017-12-17 00:00:00,3.0
38.0,2017-12-24 00:00:00,2.0
38.0,2017-12-31 00:00:00,3.0
38.0,2018-01-07 00:00:00,2.0
38.0,2018-01-14 00:00:00,1.0
38.0,2018-01-21 00:00:00,3.0
38.0,2018-01-28 00:00:00,3.0
38.0,2018-02-04 00:00:00,3.0
38.0,2018-02-11 00:00:00,1.0
38.0,2018-02-18 00:00:00,1.0
38.0,2018-03-11 00:00:00,3.0
38.0,2018-03-18 00:00:00,1.0
38.0,2018-03-25 00:00:00,2.0
38.0,2018-04-01 00:00:00,2.0
38.0,2018-05-13 00:00:00,2.0
38.0,2018-05-20 00:00:00,3.0
38.0,2018-05-27 00:00:00,3.0
39.0,2015-03-01 00:00:00,2.0
39.0,2015-03-08 00:00:00,2.0
39.0,2015-03-15 00:00:00,1.0
39.0,2015-03-22 00:00:00,3.0
39.0,2015-03-29 00:00:00,3.0
39.0,2015-04-05 00:00:00,3.0
39.0,2015-04-12 00:00:00,2.0
39.0,2015-04-19 00:00:00,2.0
39.0,2015-05-17 00:00:00,1.0
39.0,2015-06-07 00:00:00,1.0
39.0,2015-06-21 00:00:00,1.0
39.0,2015-06-28 00:00:00,3.0
39.0,2015-07-05 00:00:00,3.0
39.0,2015-08-02 00:00:00,3.0
39.0,2015-08-09 00:00:00,3.0
39.0,2015-09-13 00:00:00,1.0
39.0,2015-09-27 00:00:00,3.0
39.0,2015-10-04 00:00:00,2.0
39.0,2015-10-11 00:00:00,1.0
39.0,2015-10-18 00:00:00,2.0
39.0,2015-12-13 00:00:00,2.0
39.0,2015-12-27 00:00:00,3.0
39.0,2016-01-03 00:00:00,2.0
39.0,2016-01-10 00:00:00,3.0
39.0,2016-01-17 00:00:00,3.0
39.0,2016-01-24 00:00:00,3.0
39.0,2016-01-31 00:00:00,2.0
39.0,2016-02-07 00:00:00,1.0
39.0,2016-02-14 00:00:00,3.0
39.0,2016-02-21 00:00:00,2.0
39.0,2016-02-28 00:00:00,2.0
39.0,2016-03-06 00:00:00,3.0
39.0,2016-03-20 00:00:00,2.0
39.0,2016-03-27 00:00:00,1.0
39.0,2016-04-03 00:00:00,1.0
39.0,2016-04-10 00:00:00,1.0
39.0,2016-04-17 00:00:00,1.0
39.0,2016-04-24 00:00:00,3.0
39.0,2016-05-01 00:00:00,3.0
39.0,2016-05-08 00:00:00,1.0
39.0,2016-05-15 00:00:00,3.0
39.0,2016-05-22 00:00:00,2.0
39.0,2016-05-29 00:00:00,2.0
39.0,2016-06-19 00:00:00,1.0
39.0,2016-07-17 00:00:00,2.0
39.0,2016-07-24 00:00:00,1.0
39.0,2016-07-31 00:00:00,2.0
39.0,2016-08-07 00:00:00,1.0
39.0,2016-08-21 00:00:00,3.0
39.0,2016-08-28 00:00:00,2.0
39.0,2016-09-04 00:00:00,2.0
39.0,2016-09-11 00:00:00,2.0
39.0,2016-10-16 00:00:00,1.0
39.0,2016-10-23 00:00:00,3.0
39.0,2016-10-30 00:00:00,1.0
39.0,2016-11-06 00:00:00,3.0
39.0,2016-11-13 00:00:00,1.0
39.0,2016-11-20 00:00:00,1.0
39.0,2016-12-04 00:00:00,1.0
39.0,2016-12-11 00:00:00,1.0
39.0,2016-12-18 00:00:00,2.0
39.0,2016-12-25 00:00:00,1.0
39.0,2017-01-01 00:00:00,2.0
39.0,2017-01-08 00:00:00,2.0
39.0,2017-01-15 00:00:00,3.0
39.0,2017-01-22 00:00:00,3.0
39.0,2017-02-26 00:00:00,1.0
39.0,2017-03-19 00:00:00,1.0
39.0,2017-03-26 00:00:00,2.0
39.0,2017-04-16 00:00:00,1.0
39.0,2017-04-23 00:00:00,3.0
39.0,2017-04-30 00:00:00,3.0
39.0,2017-05-07 00:00:00,1.0
39.0,2017-05-14 00:00:00,3.0
39.0,2017-06-04 00:00:00,3.0
39.0,2017-06-11 00:00:00,2.0
39.0,2017-06-25 00:00:00,3.0
39.0,2017-07-02 00:00:00,3.0
39.0,2017-07-09 00:00:00,3.0
39.0,2017-07-23 00:00:00,3.0
39.0,2017-07-30 00:00:00,2.0
39.0,2017-08-06 00:00:00,1.0
39.0,2017-08-13 00:00:00,3.0
39.0,2017-08-20 00:00:00,3.0
39.0,2017-08-27 00:00:00,3.0
39.0,2017-09-03 00:00:00,1.0
39.0,2017-09-10 00:00:00,1.0
39.0,2017-09-17 00:00:00,2.0
39.0,2017-10-01 00:00:00,2.0
39.0,2017-10-15 00:00:00,1.0
39.0,2017-10-22 00:00:00,3.0
39.0,2017-11-05 00:00:00,2.0
39.0,2017-11-12 00:00:00,2.0
39.0,2017-12-03 00:00:00,3.0
39.0,2017-12-10 00:00:00,3.0
39.0,2017-12-17 00:00:00,1.0
39.0,2018-01-21 00:00:00,1.0
39.0,2018-01-28 00:00:00,3.0
39.0,2018-02-04 00:00:00,3.0
39.0,2018-02-11 00:00:00,3.0
39.0,2018-02-18 00:00:00,2.0
39.0,2018-03-25 00:00:00,1.0
39.0,2018-04-01 00:00:00,1.0
39.0,2018-04-08 00:00:00,1.0
39.0,2018-04-15 00:00:00,1.0
39.0,2018-04-22 00:00:00,1.0
39.0,2018-04-29 00:00:00,2.0
39.0,2018-05-06 00:00:00,1.0
40.0,2017-10-15 00:00:00,2.0
40.0,2017-10-22 00:00:00,1.0
40.0,2017-10-29 00:00:00,1.0
40.0,2017-11-05 00:00:00,2.0
40.0,2017-11-12 00:00:00,1.0
40.0,2017-11-26 00:00:00,3.0
40.0,2017-12-03 00:00:00,3.0
40.0,2017-12-10 00:00:00,1.0
40.0,2017-12-17 00:00:00,2.0
40.0,2017-12-24 00:00:00,2.0
40.0,2017-12-31 00:00:00,2.0
40.0,2018-01-07 00:00:00,1.0
40.0,2018-01-14 00:00:00,1.0
40.0,2018-01-21 00:00:00,2.0
40.0,2018-01-28 00:00:00,2.0
40.0,2018-02-04 00:00:00,2.0
40.0,2018-02-11 00:00:00,2.0
40.0,2018-02-18 00:00:00,3.0
40.0,2018-02-25 00:00:00,2.0
40.0,2018-03-11 00:00:00,2.0
40.0,2018-03-18 00:00:00,2.0
40.0,2018-03-25 00:00:00,3.0
40.0,2018-04-01 00:00:00,2.0
40.0,2018-04-08 00:00:00,2.0
40.0,2018-04-15 00:00:00,1.0
40.0,2018-04-22 00:00:00,1.0
40.0,2018-04-29 00:00:00,2.0
40.0,2018-05-06 00:00:00,2.0
40.0,2018-05-13 00:00:00,1.0
41.0,2015-10-25 00:00:00,3.0
41.0,2015-11-01 00:00:00,3.0
41.0,2015-11-08 00:00:00,3.0
41.0,2015-11-15 00:00:00,3.0
41.0,2015-11-22 00:00:00,3.0
41.0,2015-11-29 00:00:00,3.0
41.0,2015-12-06 00:00:00,2.0
41.0,2015-12-13 00:00:00,3.0
41.0,2015-12-20 00:00:00,3.0
41.0,2015-12-27 00:00:00,1.0
41.0,2016-01-03 00:00:00,1.0
41.0,2016-01-10 00:00:00,3.0
41.0,2016-01-17 00:00:00,3.0
41.0,2016-01-24 00:00:00,3.0
41.0,2016-01-31 00:00:00,3.0
41.0,2016-02-07 00:00:00,3.0
41.0,2016-02-14 00:00:00,3.0
41.0,2016-02-21 00:00:00,2.0
41.0,2016-02-28 00:00:00,2.0
41.0,2016-03-06 00:00:00,3.0
41.0,2016-03-13 00:00:00,2.0
41.0,2016-03-20 00:00:00,2.0
41.0,2016-03-27 00:00:00,1.0
41.0,2016-04-03 00:00:00,3.0
41.0,2016-04-10 00:00:00,3.0
41.0,2016-04-17 00:00:00,2.0
41.0,2016-04-24 00:00:00,3.0
41.0,2016-05-01 00:00:00,3.0
41.0,2016-05-08 00:00:00,3.0
41.0,2016-05-15 00:00:00,3.0
41.0,2016-05-22 00:00:00,3.0
41.0,2016-05-29 00:00:00,2.0
41.0,2016-06-05 00:00:00,3.0
41.0,2016-06-12 00:00:00,3.0
41.0,2016-06-19 00:00:00,3.0
41.0,2016-06-26 00:00:00,3.0
41.0,2016-07-03 00:00:00,3.0
41.0,2016-07-10 00:00:00,3.0
41.0,2016-07-17 00:00:00,1.0
41.0,2016-07-24 00:00:00,3.0
41.0,2016-07-31 00:00:00,3.0
41.0,2016-08-07 00:00:00,3.0
41.0,2016-08-14 00:00:00,3.0
41.0,2016-08-21 00:00:00,3.0
41.0,2016-08-28 00:00:00,2.0
41.0,2016-09-04 00:00:00,2.0
41.0,2016-09-11 00:00:00,2.0
41.0,2016-09-18 00:00:00,3.0
41.0,2016-09-25 00:00:00,3.0
41.0,2016-10-02 00:00:00,3.0
41.0,2016-10-09 00:00:00,3.0
41.0,2016-10-16 00:00:00,3.0
41.0,2016-10-23 00:00:00,2.0
41.0,2016-10-30 00:00:00,3.0
41.0,2016-11-06 00:00:00,2.0
41.0,2016-11-13 00:00:00,3.0
41.0,2016-11-20 00:00:00,1.0
41.0,2016-11-27 00:00:00,3.0
41.0,2016-12-04 00:00:00,2.0
41.0,2016-12-11 00:00:00,2.0
41.0,2016-12-18 00:00:00,3.0
41.0,2016-12-25 00:00:00,3.0
41.0,2017-01-01 00:00:00,3.0
41.0,2017-01-08 00:00:00,2.0
41.0,2017-01-15 00:00:00,2.0
41.0,2017-01-22 00:00:00,3.0
41.0,2017-01-29 00:00:00,2.0
41.0,2017-02-05 00:00:00,3.0
41.0,2017-02-12 00:00:00,2.0
41.0,2017-02-19 00:00:00,3.0
41.0,2017-02-26 00:00:00,3.0
41.0,2017-03-05 00:00:00,3.0
41.0,2017-03-12 00:00:00,3.0
41.0,2017-03-19 00:00:00,2.0
41.0,2017-03-26 00:00:00,3.0
41.0,2017-04-02 00:00:00,1.0
41.0,2017-04-09 00:00:00,2.0
41.0,2017-04-16 00:00:00,3.0
41.0,2017-04-23 00:00:00,3.0
41.0,2017-04-30 00:00:00,3.0
41.0,2017-05-07 00:00:00,3.0
41.0,2017-05-14 00:00:00,2.0
41.0,2017-05-21 00:00:00,2.0
41.0,2017-05-28 00:00:00,3.0
41.0,2017-06-04 00:00:00,3.0
41.0,2017-06-11 00:00:00,2.0
41.0,2017-06-18 00:00:00,3.0
41.0,2017-06-25 00:00:00,3.0
41.0,2017-07-02 00:00:00,3.0
41.0,2017-07-09 00:00:00,2.0
41.0,2017-07-16 00:00:00,3.0
41.0,2017-07-23 00:00:00,2.0
41.0,2017-07-30 00:00:00,2.0
41.0,2017-08-06 00:00:00,3.0
41.0,2017-08-13 00:00:00,2.0
41.0,2017-08-20 00:00:00,3.0
41.0,2017-08-27 00:00:00,3.0
41.0,2017-09-03 00:00:00,3.0
41.0,2017-09-10 00:00:00,2.0
41.0,2017-09-17 00:00:00,3.0
41.0,2017-09-24 00:00:00,3.0
41.0,2017-10-01 00:00:00,1.0
41.0,2017-10-08 00:00:00,3.0
41.0,2017-10-15 00:00:00,2.0
41.0,2017-10-22 00:00:00,3.0
41.0,2017-10-29 00:00:00,3.0
41.0,2017-11-05 00:00:00,2.0
41.0,2017-11-12 00:00:00,2.0
41.0,2017-11-19 00:00:00,3.0
41.0,2017-11-26 00:00:00,2.0
41.0,2017-12-03 00:00:00,3.0
41.0,2017-12-10 00:00:00,3.0
41.0,2017-12-17 00:00:00,3.0
41.0,2017-12-24 00:00:00,1.0
41.0,2017-12-31 00:00:00,3.0
41.0,2018-01-07 00:00:00,3.0
41.0,2018-01-14 00:00:00,3.0
41.0,2018-01-21 00:00:00,3.0
41.0,2018-01-28 00:00:00,3.0
41.0,2018-02-04 00:00:00,3.0
41.0,2018-02-11 00:00:00,2.0
41.0,2018-02-18 00:00:00,2.0
41.0,2018-02-25 00:00:00,3.0
41.0,2018-03-04 00:00:00,3.0
41.0,2018-03-11 00:00:00,3.0
41.0,2018-03-18 00:00:00,3.0
41.0,2018-03-25 00:00:00,2.0
41.0,2018-04-08 00:00:00,3.0
41.0,2018-04-15 00:00:00,3.0
41.0,2018-04-22 00:00:00,2.0
41.0,2018-04-29 00:00:00,2.0
41.0,2018-05-06 00:00:00,3.0
41.0,2018-05-13 00:00:00,2.0
41.0,2018-05-20 00:00:00,3.0
41.0,2018-05-27 00:00:00,3.0
42.0,2018-02-18 00:00:00,1.0
42.0,2018-02-25 00:00:00,2.0
42.0,2018-03-04 00:00:00,1.0
42.0,2018-03-11 00:00:00,1.0
42.0,2018-03-18 00:00:00,2.0
42.0,2018-03-25 00:00:00,1.0
42.0,2018-04-01 00:00:00,2.0
42.0,2018-04-08 00:00:00,2.0
42.0,2018-04-15 00:00:00,2.0
42.0,2018-04-22 00:00:00,2.0
42.0,2018-05-06 00:00:00,2.0
42.0,2018-05-13 00:00:00,1.0
42.0,2018-05-20 00:00:00,1.0
42.0,2018-05-27 00:00:00,2.0
44.0,2018-04-29 00:00:00,2.0
44.0,2018-05-06 00:00:00,2.0
44.0,2018-05-13 00:00:00,3.0
44.0,2018-05-20 00:00:00,3.0
44.0,2018-05-27 00:00:00,3.0
46.0,2017-12-17 00:00:00,1.0
46.0,2017-12-24 00:00:00,1.0
46.0,2017-12-31 00:00:00,2.0
46.0,2018-01-07 00:00:00,2.0
46.0,2018-01-14 00:00:00,1.0
46.0,2018-01-21 00:00:00,3.0
46.0,2018-01-28 00:00:00,1.0
46.0,2018-02-04 00:00:00,1.0
46.0,2018-02-11 00:00:00,1.0
46.0,2018-02-18 00:00:00,3.0
46.0,2018-03-04 00:00:00,1.0
46.0,2018-03-11 00:00:00,2.0
46.0,2018-03-18 00:00:00,1.0
46.0,2018-03-25 00:00:00,1.0
46.0,2018-04-08 00:00:00,1.0
46.0,2018-04-15 00:00:00,1.0
46.0,2018-04-22 00:00:00,2.0
46.0,2018-04-29 00:00:00,2.0
46.0,2018-05-06 00:00:00,2.0
46.0,2018-05-13 00:00:00,2.0
46.0,2018-05-20 00:00:00,3.0
46.0,2018-05-27 00:00:00,1.0
48.0,2016-04-03 00:00:00,1.0
48.0,2016-04-10 00:00:00,3.0
48.0,2016-04-17 00:00:00,2.0
48.0,2016-04-24 00:00:00,1.0
48.0,2016-05-01 00:00:00,2.0
48.0,2016-05-08 00:00:00,2.0
48.0,2016-05-15 00:00:00,2.0
48.0,2016-05-22 00:00:00,2.0
48.0,2016-05-29 00:00:00,1.0
48.0,2016-06-05 00:00:00,1.0
48.0,2016-06-12 00:00:00,1.0
48.0,2016-06-19 00:00:00,1.0
48.0,2016-07-03 00:00:00,2.0
48.0,2016-07-10 00:00:00,2.0
48.0,2016-07-17 00:00:00,1.0
48.0,2016-07-24 00:00:00,1.0
48.0,2016-07-31 00:00:00,1.0
48.0,2016-08-07 00:00:00,2.0
48.0,2016-08-14 00:00:00,2.0
48.0,2016-08-21 00:00:00,2.0
48.0,2016-09-11 00:00:00,1.0
48.0,2016-09-18 00:00:00,1.0
48.0,2016-09-25 00:00:00,3.0
48.0,2016-10-02 00:00:00,2.0
48.0,2016-10-09 00:00:00,2.0
48.0,2016-10-16 00:00:00,2.0
48.0,2016-10-23 00:00:00,2.0
48.0,2016-10-30 00:00:00,1.0
48.0,2016-11-13 00:00:00,1.0
48.0,2016-11-20 00:00:00,2.0
48.0,2016-12-04 00:00:00,2.0
48.0,2016-12-11 00:00:00,1.0
48.0,2016-12-18 00:00:00,1.0
48.0,2016-12-25 00:00:00,2.0
48.0,2017-01-01 00:00:00,2.0
48.0,2017-01-08 00:00:00,2.0
48.0,2017-01-15 00:00:00,3.0
48.0,2017-01-29 00:00:00,2.0
48.0,2017-02-12 00:00:00,2.0
48.0,2017-02-19 00:00:00,1.0
48.0,2017-02-26 00:00:00,2.0
48.0,2017-03-05 00:00:00,1.0
48.0,2017-03-12 00:00:00,1.0
48.0,2017-03-19 00:00:00,2.0
48.0,2017-03-26 00:00:00,1.0
48.0,2017-04-02 00:00:00,2.0
48.0,2017-04-09 00:00:00,1.0
48.0,2017-04-16 00:00:00,1.0
48.0,2017-04-23 00:00:00,1.0
48.0,2017-04-30 00:00:00,1.0
48.0,2017-05-07 00:00:00,1.0
48.0,2017-05-14 00:00:00,1.0
48.0,2017-05-21 00:00:00,1.0
48.0,2017-05-28 00:00:00,3.0
48.0,2017-06-04 00:00:00,1.0
48.0,2017-06-11 00:00:00,2.0
48.0,2017-06-18 00:00:00,2.0
48.0,2017-06-25 00:00:00,2.0
48.0,2017-07-09 00:00:00,2.0
48.0,2017-07-23 00:00:00,2.0
48.0,2017-07-30 00:00:00,1.0
48.0,2017-08-06 00:00:00,2.0
48.0,2017-08-13 00:00:00,1.0
48.0,2017-08-20 00:00:00,1.0
48.0,2017-08-27 00:00:00,2.0
48.0,2017-09-03 00:00:00,2.0
48.0,2017-09-24 00:00:00,2.0
48.0,2017-10-01 00:00:00,3.0
48.0,2017-10-08 00:00:00,3.0
48.0,2017-10-15 00:00:00,1.0
48.0,2017-10-22 00:00:00,1.0
48.0,2017-10-29 00:00:00,1.0
48.0,2017-11-05 00:00:00,1.0
48.0,2017-11-12 00:00:00,2.0
48.0,2017-11-19 00:00:00,1.0
48.0,2017-11-26 00:00:00,3.0
48.0,2017-12-03 00:00:00,1.0
48.0,2017-12-10 00:00:00,1.0
48.0,2017-12-17 00:00:00,2.0
48.0,2017-12-24 00:00:00,1.0
48.0,2017-12-31 00:00:00,2.0
48.0,2018-01-14 00:00:00,1.0
48.0,2018-01-21 00:00:00,2.0
48.0,2018-01-28 00:00:00,2.0
48.0,2018-02-04 00:00:00,1.0
48.0,2018-02-11 00:00:00,2.0
48.0,2018-02-18 00:00:00,1.0
48.0,2018-02-25 00:00:00,2.0
48.0,2018-03-04 00:00:00,1.0
48.0,2018-03-11 00:00:00,3.0
48.0,2018-03-18 00:00:00,1.0
48.0,2018-03-25 00:00:00,1.0
48.0,2018-04-08 00:00:00,1.0
48.0,2018-04-15 00:00:00,1.0
48.0,2018-05-06 00:00:00,1.0
48.0,2018-05-13 00:00:00,1.0
48.0,2018-05-20 00:00:00,1.0
48.0,2018-05-27 00:00:00,3.0
